metric,group1,group2,mean_diff_group2_minus_group1,median_diff_group2_minus_group1,ci_low,ci_high,wins_group2,losses_group2,ties,wilcoxon_statistic,p_value,p_holm,reject_holm
recall1,bge_m3_hybrid_315,bge_m3_hybrid_414,-0.05221339387060159,0.0,-0.05761473677737264,-0.04681205096383054,481,1263,13233,6784745.5,3.0675522094142305e-78,7.05537008165273e-77,True
recall1,bge_m3_hybrid_315,bge_m3_hybrid_424,-0.06396474594378046,0.0,-0.06963159015249644,-0.05829790173506448,489,1447,13041,6850645.5,4.208306697983219e-105,1.3045750763747978e-103,True
recall1,bge_m3_hybrid_315,bge_m3_hybrid_513,-0.0010683047339253523,0.0,-0.0030958147886301106,0.0009592053207794059,112,128,14737,1664040.0,0.3016995824783478,1.0,False
recall1,bge_m3_hybrid_315,bge_m3_hybrid_513_tk1000,-0.0010683047339253523,0.0,-0.0030958147886301106,0.0009592053207794059,112,128,14737,1664040.0,0.3016995824783478,1.0,False
recall1,bge_m3_hybrid_315,bge_m3_hybrid_513_tk500,-0.0010683047339253523,0.0,-0.0030958147886301106,0.0009592053207794059,112,128,14737,1664040.0,0.3016995824783478,1.0,False
recall1,bge_m3_hybrid_315,bge_m3_hybrid_514,-0.05561861520998865,0.0,-0.06096176846209249,-0.05027546195788481,440,1273,13264,6213240.0,4.332681658594728e-90,1.1698240478205765e-88,True
recall1,bge_m3_hybrid_315,reranked_results,0.09861788075048407,0.0,0.09204601492295329,0.10518974657801484,2072,595,12310,8118180.0,6.6814079646854066e-180,2.13805054869933e-178,True
recall1,bge_m3_hybrid_315,nemotron_topk400,0.13707685117179674,0.0,0.1307085249073484,0.14344517743624507,2351,298,12328,4068594.0,0.0,0.0,True
recall1,bge_m3_hybrid_315,rer_bge_m3_hybrid_513_nemotron,0.13120117513520732,0.0,0.12495834285684518,0.13744400741356946,2249,284,12444,3893924.0,0.0,0.0,True
recall1,bge_m3_hybrid_315,rer_bge_m3_hybrid_513_nemotron_tk1000,0.14836081992388328,0.0,0.14167396980867866,0.1550476700390879,2581,359,12037,4849192.5,0.0,0.0,True
recall1,bge_m3_hybrid_315,rer_bge_m3_hybrid_513_nemotron_tk500,0.14796020564866127,0.0,0.14129416576085388,0.15462624553646867,2569,353,12055,4771324.5,0.0,0.0,True
recall1,bge_m3_hybrid_414,bge_m3_hybrid_424,-0.011751352073178874,0.0,-0.0152776642836184,-0.008225039862739349,276,452,14249,4033326.0,6.891762699754868e-11,7.580938969730354e-10,True
recall1,bge_m3_hybrid_414,bge_m3_hybrid_513,0.05114508913667624,0.0,0.04575381872951395,0.056536359543838524,1251,485,13241,6843107.5,1.7455977578481308e-75,3.8403150672658875e-74,True
recall1,bge_m3_hybrid_414,bge_m3_hybrid_513_tk1000,0.05114508913667624,0.0,0.04575381872951395,0.056536359543838524,1251,485,13241,6843107.5,1.7455977578481308e-75,3.8403150672658875e-74,True
recall1,bge_m3_hybrid_414,bge_m3_hybrid_513_tk500,0.05114508913667624,0.0,0.04575381872951395,0.056536359543838524,1251,485,13241,6843107.5,1.7455977578481308e-75,3.8403150672658875e-74,True
recall1,bge_m3_hybrid_414,bge_m3_hybrid_514,-0.00340522133938706,0.0,-0.005393675292384464,-0.0014167673863896553,90,141,14746,1337580.0,0.0007920629332641197,0.0063365034661129575,True
recall1,bge_m3_hybrid_414,reranked_results,0.15083127462108567,0.0,0.1437610085617406,0.15790154068043075,2759,500,11718,6674000.0,0.0,0.0,True
recall1,bge_m3_hybrid_414,nemotron_topk400,0.18929024504239833,0.0,0.1822247170561057,0.19635577302869095,3143,308,11526,4081616.0,0.0,0.0,True
recall1,bge_m3_hybrid_414,rer_bge_m3_hybrid_513_nemotron,0.1834145690058089,0.0,0.1764481687050708,0.19038096930654702,3042,295,11640,3926155.0,0.0,0.0,True
recall1,bge_m3_hybrid_414,rer_bge_m3_hybrid_513_nemotron_tk1000,0.20057421379448487,0.0,0.1933230967357324,0.20782533085323734,3338,334,11305,4389261.0,0.0,0.0,True
recall1,bge_m3_hybrid_414,rer_bge_m3_hybrid_513_nemotron_tk500,0.20017359951926286,0.0,0.19294329554652742,0.2074039034919983,3325,327,11325,4300540.5,0.0,0.0,True
recall1,bge_m3_hybrid_424,bge_m3_hybrid_513,0.06289644120985512,0.0,0.057208432159325626,0.06858445026038461,1445,503,13029,7043760.5,4.5247394041327816e-101,1.3574218212398345e-99,True
recall1,bge_m3_hybrid_424,bge_m3_hybrid_513_tk1000,0.06289644120985512,0.0,0.057208432159325626,0.06858445026038461,1445,503,13029,7043760.5,4.5247394041327816e-101,1.3574218212398345e-99,True
recall1,bge_m3_hybrid_424,bge_m3_hybrid_513_tk500,0.06289644120985512,0.0,0.057208432159325626,0.06858445026038461,1445,503,13029,7043760.5,4.5247394041327816e-101,1.3574218212398345e-99,True
recall1,bge_m3_hybrid_424,bge_m3_hybrid_514,0.008346130733791814,0.0,0.0049232861798714275,0.0117689752877122,405,280,14292,4097800.0,1.7881239299526806e-06,1.6093115369574127e-05,True
recall1,bge_m3_hybrid_424,reranked_results,0.16258262669426454,0.0,0.15537458922737968,0.1697906641611494,2932,497,11548,6591711.0,0.0,0.0,True
recall1,bge_m3_hybrid_424,nemotron_topk400,0.20104159711557723,0.0,0.19381391837733097,0.2082692758538235,3333,322,11322,4234300.0,0.0,0.0,True
recall1,bge_m3_hybrid_424,rer_bge_m3_hybrid_513_nemotron,0.19516592107898778,0.0,0.18803023089394394,0.20230161126403162,3233,310,11434,4093860.0,0.0,0.0,True
recall1,bge_m3_hybrid_424,rer_bge_m3_hybrid_513_nemotron_tk1000,0.21232556586766374,0.0,0.20497202146930465,0.21967911026602283,3506,326,11145,4258049.0,0.0,0.0,True
recall1,bge_m3_hybrid_424,rer_bge_m3_hybrid_513_nemotron_tk500,0.21192495159244173,0.0,0.20458242722902148,0.219267475955862,3497,323,11157,4220802.5,0.0,0.0,True
recall1,bge_m3_hybrid_513,bge_m3_hybrid_513_tk1000,0.0,0.0,0.0,0.0,0,0,14977,0.0,1.0,1.0,False
recall1,bge_m3_hybrid_513,bge_m3_hybrid_513_tk500,0.0,0.0,0.0,0.0,0,0,14977,0.0,1.0,1.0,False
recall1,bge_m3_hybrid_513,bge_m3_hybrid_514,-0.0545503104760633,0.0,-0.05988024345466592,-0.04922037749746067,443,1260,13274,6257818.0,3.1160116347084975e-87,8.101630250242094e-86,True
recall1,bge_m3_hybrid_513,reranked_results,0.09968618548440943,0.0,0.09308982886632242,0.10628254210249644,2091,598,12288,8152534.0,2.7399969734700208e-182,9.589989407145072e-181,True
recall1,bge_m3_hybrid_513,nemotron_topk400,0.1381451559057221,0.0,0.1317881416363605,0.1445021701750837,2357,288,12332,3932640.0,0.0,0.0,True
recall1,bge_m3_hybrid_513,rer_bge_m3_hybrid_513_nemotron,0.13226947986913268,0.0,0.126032433712978,0.13850652602528735,2257,276,12444,3784236.0,0.0,0.0,True
recall1,bge_m3_hybrid_513,rer_bge_m3_hybrid_513_nemotron_tk1000,0.14942912465780864,0.0,0.14271257974783041,0.15614566956778686,2603,365,12009,4925127.5,0.0,0.0,True
recall1,bge_m3_hybrid_513,rer_bge_m3_hybrid_513_nemotron_tk500,0.14902851038258663,0.0,0.14233010926537895,0.1557269114997943,2592,360,12025,4860540.0,0.0,0.0,True
recall1,bge_m3_hybrid_513_tk1000,bge_m3_hybrid_513_tk500,0.0,0.0,0.0,0.0,0,0,14977,0.0,1.0,1.0,False
recall1,bge_m3_hybrid_513_tk1000,bge_m3_hybrid_514,-0.0545503104760633,0.0,-0.05988024345466592,-0.04922037749746067,443,1260,13274,6257818.0,3.1160116347084975e-87,8.101630250242094e-86,True
recall1,bge_m3_hybrid_513_tk1000,reranked_results,0.09968618548440943,0.0,0.09308982886632242,0.10628254210249644,2091,598,12288,8152534.0,2.7399969734700208e-182,9.589989407145072e-181,True
recall1,bge_m3_hybrid_513_tk1000,nemotron_topk400,0.1381451559057221,0.0,0.1317881416363605,0.1445021701750837,2357,288,12332,3932640.0,0.0,0.0,True
recall1,bge_m3_hybrid_513_tk1000,rer_bge_m3_hybrid_513_nemotron,0.13226947986913268,0.0,0.126032433712978,0.13850652602528735,2257,276,12444,3784236.0,0.0,0.0,True
recall1,bge_m3_hybrid_513_tk1000,rer_bge_m3_hybrid_513_nemotron_tk1000,0.14942912465780864,0.0,0.14271257974783041,0.15614566956778686,2603,365,12009,4925127.5,0.0,0.0,True
recall1,bge_m3_hybrid_513_tk1000,rer_bge_m3_hybrid_513_nemotron_tk500,0.14902851038258663,0.0,0.14233010926537895,0.1557269114997943,2592,360,12025,4860540.0,0.0,0.0,True
recall1,bge_m3_hybrid_513_tk500,bge_m3_hybrid_514,-0.0545503104760633,0.0,-0.05988024345466592,-0.04922037749746067,443,1260,13274,6257818.0,3.1160116347084975e-87,8.101630250242094e-86,True
recall1,bge_m3_hybrid_513_tk500,reranked_results,0.09968618548440943,0.0,0.09308982886632242,0.10628254210249644,2091,598,12288,8152534.0,2.7399969734700208e-182,9.589989407145072e-181,True
recall1,bge_m3_hybrid_513_tk500,nemotron_topk400,0.1381451559057221,0.0,0.1317881416363605,0.1445021701750837,2357,288,12332,3932640.0,0.0,0.0,True
recall1,bge_m3_hybrid_513_tk500,rer_bge_m3_hybrid_513_nemotron,0.13226947986913268,0.0,0.126032433712978,0.13850652602528735,2257,276,12444,3784236.0,0.0,0.0,True
recall1,bge_m3_hybrid_513_tk500,rer_bge_m3_hybrid_513_nemotron_tk1000,0.14942912465780864,0.0,0.14271257974783041,0.15614566956778686,2603,365,12009,4925127.5,0.0,0.0,True
recall1,bge_m3_hybrid_513_tk500,rer_bge_m3_hybrid_513_nemotron_tk500,0.14902851038258663,0.0,0.14233010926537895,0.1557269114997943,2592,360,12025,4860540.0,0.0,0.0,True
recall1,bge_m3_hybrid_514,reranked_results,0.15423649596047273,0.0,0.14712583491944653,0.16134715700149893,2809,499,11669,6648426.5,0.0,0.0,True
recall1,bge_m3_hybrid_514,nemotron_topk400,0.1926954663817854,0.0,0.18561357007207352,0.19977736269149726,3185,299,11493,3957414.5,0.0,0.0,True
recall1,bge_m3_hybrid_514,rer_bge_m3_hybrid_513_nemotron,0.18681979034519597,0.0,0.17983850753017405,0.19380107316021788,3083,285,11609,3788647.5,0.0,0.0,True
recall1,bge_m3_hybrid_514,rer_bge_m3_hybrid_513_nemotron_tk1000,0.20397943513387193,0.0,0.19668783704997833,0.21127103321776552,3391,336,11250,4406304.0,0.0,0.0,True
recall1,bge_m3_hybrid_514,rer_bge_m3_hybrid_513_nemotron_tk500,0.20357882085864992,0.0,0.19630551634173374,0.2108521253755661,3379,330,11268,4330590.0,0.0,0.0,True
recall1,reranked_results,nemotron_topk400,0.03845897042131268,0.0,0.03253335240622709,0.044384588436398274,1324,748,12905,10428242.0,1.0632949447754037e-36,1.8076014061181864e-35,True
recall1,reranked_results,rer_bge_m3_hybrid_513_nemotron,0.032583294384723245,0.0,0.026872222005039813,0.03829436676440668,1204,716,13057,10036530.0,8.284021533241638e-29,1.325443445318662e-27,True
recall1,reranked_results,rer_bge_m3_hybrid_513_nemotron_tk1000,0.04974293917339921,0.0,0.043975394937017596,0.05551048340978083,1362,617,12998,8630596.0,5.969562013071897e-63,1.0745211623529415e-61,True
recall1,reranked_results,rer_bge_m3_hybrid_513_nemotron_tk500,0.049342324898177206,0.0,0.043624602813408395,0.05506004698294602,1342,603,13032,8445015.0,5.072061424384059e-63,9.636916706329711e-62,True
recall1,nemotron_topk400,rer_bge_m3_hybrid_513_nemotron,-0.005875676036589437,0.0,-0.008110171270402899,-0.0036411808027759745,102,190,14685,1512813.0,2.607498052896162e-07,2.6074980528961623e-06,True
recall1,nemotron_topk400,rer_bge_m3_hybrid_513_nemotron_tk1000,0.011283968752086532,0.0,0.008611028094324376,0.013956909409848688,294,125,14558,1846000.0,1.5039580627038932e-16,1.9551454815150613e-15,True
recall1,nemotron_topk400,rer_bge_m3_hybrid_513_nemotron_tk500,0.010883354476864525,0.0,0.008121739514306356,0.013644969439422694,305,142,14530,2095068.0,1.2617764267142968e-14,1.514131712057156e-13,True
recall1,rer_bge_m3_hybrid_513_nemotron,rer_bge_m3_hybrid_513_nemotron_tk1000,0.01715964478867597,0.0,0.013755283529492091,0.02056400604785985,469,212,14296,3103044.0,6.97398783242548e-23,9.763582965395672e-22,True
recall1,rer_bge_m3_hybrid_513_nemotron,rer_bge_m3_hybrid_513_nemotron_tk500,0.01675903051345396,0.0,0.013577832447632006,0.019940228579275916,423,172,14382,2524960.0,7.817899235839269e-25,1.1726848853758904e-23,True
recall1,rer_bge_m3_hybrid_513_nemotron_tk1000,rer_bge_m3_hybrid_513_nemotron_tk500,-0.00040061427522200706,0.0,-0.0019491925107044967,0.0011479639602604823,67,73,14837,998802.5,0.6120898800892568,1.0,False
recall5,bge_m3_hybrid_315,bge_m3_hybrid_414,-0.0206984042198037,0.0,-0.025350780510243934,-0.016046027929363466,480,790,13707,6884400.0,3.3538320899905985e-18,4.359981716987778e-17,True
recall5,bge_m3_hybrid_315,bge_m3_hybrid_424,-0.029378380182947184,0.0,-0.03421398589083859,-0.02454277447505578,469,909,13599,6701306.5,2.076370416918355e-32,4.9832890006040515e-31,True
recall5,bge_m3_hybrid_315,bge_m3_hybrid_513,0.0013353809174066903,0.0,-0.0006233328624667329,0.0032940946972801134,122,102,14753,1516281.0,0.18144920772142048,1.0,False
recall5,bge_m3_hybrid_315,bge_m3_hybrid_513_tk1000,0.0013353809174066903,0.0,-0.0006233328624667329,0.0032940946972801134,122,102,14753,1516281.0,0.18144920772142048,1.0,False
recall5,bge_m3_hybrid_315,bge_m3_hybrid_513_tk500,0.0013353809174066903,0.0,-0.0006233328624667329,0.0032940946972801134,122,102,14753,1516281.0,0.18144920772142048,1.0,False
recall5,bge_m3_hybrid_315,bge_m3_hybrid_514,-0.023569473192228085,0.0,-0.028209123075727965,-0.018929823308728205,456,809,13712,6541320.0,3.241823905868713e-23,5.8352830305636835e-22,True
recall5,bge_m3_hybrid_315,reranked_results,0.0827936168792148,0.0,0.07709870906722376,0.08848852469120584,1618,378,12981,5284251.0,1.5159439450469543e-169,5.30580380766434e-168,True
recall5,bge_m3_hybrid_315,nemotron_topk400,0.13126794418107765,0.0,0.125213526714526,0.1373223616476293,2182,216,12579,2976156.0,0.0,0.0,True
recall5,bge_m3_hybrid_315,rer_bge_m3_hybrid_513_nemotron,0.11657875408960405,0.0,0.11087015049927454,0.12228735767993357,1926,180,12871,2506410.0,0.0,0.0,True
recall5,bge_m3_hybrid_315,rer_bge_m3_hybrid_513_nemotron_tk1000,0.13587500834613073,0.0,0.12971044917022842,0.14203956752203303,2265,230,12482,3157900.0,0.0,0.0,True
recall5,bge_m3_hybrid_315,rer_bge_m3_hybrid_513_nemotron_tk500,0.13460639647459438,0.0,0.1285002739214095,0.14071251902777926,2232,216,12529,2970756.0,0.0,0.0,True
recall5,bge_m3_hybrid_414,bge_m3_hybrid_424,-0.008679975963143486,0.0,-0.011434279366439619,-0.005925672559847354,157,287,14533,2316613.5,6.849459195246075e-10,8.21935103429529e-09,True
recall5,bge_m3_hybrid_414,bge_m3_hybrid_513,0.02203378513721039,0.0,0.017405134037657203,0.026662436236763575,794,464,13719,6657704.0,1.3515233218524085e-20,2.1624373149638537e-19,True
recall5,bge_m3_hybrid_414,bge_m3_hybrid_513_tk1000,0.02203378513721039,0.0,0.017405134037657203,0.026662436236763575,794,464,13719,6657704.0,1.3515233218524085e-20,2.1624373149638537e-19,True
recall5,bge_m3_hybrid_414,bge_m3_hybrid_513_tk500,0.02203378513721039,0.0,0.017405134037657203,0.026662436236763575,794,464,13719,6657704.0,1.3515233218524085e-20,2.1624373149638537e-19,True
recall5,bge_m3_hybrid_414,bge_m3_hybrid_514,-0.002871068972424384,0.0,-0.00454139840760618,-0.001200739537242588,60,103,14814,893760.0,0.0007571012158112689,0.006056809726490151,True
recall5,bge_m3_hybrid_414,reranked_results,0.10349202109901849,0.0,0.0974749801946037,0.10950906200343329,1912,362,12703,5010261.0,9.369557818969918e-232,3.3730408148291706e-230,True
recall5,bge_m3_hybrid_414,nemotron_topk400,0.15196634840088136,0.0,0.1456242433709134,0.15830845343084932,2485,209,12283,2848774.5,0.0,0.0,True
recall5,bge_m3_hybrid_414,rer_bge_m3_hybrid_513_nemotron,0.13727715830940776,0.0,0.13122298000410557,0.14333133661470995,2239,183,12555,2519269.5,0.0,0.0,True
recall5,bge_m3_hybrid_414,rer_bge_m3_hybrid_513_nemotron_tk1000,0.15657341256593443,0.0,0.1501458444239376,0.16300098070793126,2562,217,12198,2948596.0,0.0,0.0,True
recall5,bge_m3_hybrid_414,rer_bge_m3_hybrid_513_nemotron_tk500,0.1553048006943981,0.0,0.14892951190397802,0.16168008948481816,2530,204,12243,2776542.0,0.0,0.0,True
recall5,bge_m3_hybrid_424,bge_m3_hybrid_513,0.030713761100353877,0.0,0.025880284551702885,0.03554723764900487,919,459,13599,6558421.5,2.895929346411144e-35,7.819009235310088e-34,True
recall5,bge_m3_hybrid_424,bge_m3_hybrid_513_tk1000,0.030713761100353877,0.0,0.025880284551702885,0.03554723764900487,919,459,13599,6558421.5,2.895929346411144e-35,7.819009235310088e-34,True
recall5,bge_m3_hybrid_424,bge_m3_hybrid_513_tk500,0.030713761100353877,0.0,0.025880284551702885,0.03554723764900487,919,459,13599,6558421.5,2.895929346411144e-35,7.819009235310088e-34,True
recall5,bge_m3_hybrid_424,bge_m3_hybrid_514,0.005808906990719102,0.0,0.003144305213400882,0.008473508768037322,251,164,14562,2422280.0,1.9489356101720773e-05,0.00017540420491548697,True
recall5,bge_m3_hybrid_424,reranked_results,0.11217199706216198,0.0,0.1060170921832997,0.11832690194102426,2040,360,12577,4959900.0,1.0027958437193998e-257,3.8106242061337196e-256,True
recall5,bge_m3_hybrid_424,nemotron_topk400,0.16064632436402485,0.0,0.15417936865147705,0.16711328007657264,2617,211,12149,2861898.5,0.0,0.0,True
recall5,bge_m3_hybrid_424,rer_bge_m3_hybrid_513_nemotron,0.14595713427255125,0.0,0.139755944691681,0.15215832385342148,2375,189,12413,2588449.5,0.0,0.0,True
recall5,bge_m3_hybrid_424,rer_bge_m3_hybrid_513_nemotron_tk1000,0.16525338852907792,0.0,0.15870939772522652,0.17179737933292932,2692,217,12068,2934491.0,0.0,0.0,True
recall5,bge_m3_hybrid_424,rer_bge_m3_hybrid_513_nemotron_tk500,0.16398477665754158,0.0,0.15748905501510263,0.17048049829998052,2661,205,12111,2776622.5,0.0,0.0,True
recall5,bge_m3_hybrid_513,bge_m3_hybrid_513_tk1000,0.0,0.0,0.0,0.0,0,0,14977,0.0,1.0,1.0,False
recall5,bge_m3_hybrid_513,bge_m3_hybrid_513_tk500,0.0,0.0,0.0,0.0,0,0,14977,0.0,1.0,1.0,False
recall5,bge_m3_hybrid_513,bge_m3_hybrid_514,-0.024904854109634774,0.0,-0.029524209992554153,-0.020285498226715395,441,814,13722,6328350.0,6.350808290784643e-26,1.333669741064775e-24,True
recall5,bge_m3_hybrid_513,reranked_results,0.08145823596180811,0.0,0.0757613958655886,0.08715507605802762,1607,387,12983,5410453.5,2.3857475727605178e-164,8.11154174738576e-163,True
recall5,bge_m3_hybrid_513,nemotron_topk400,0.12993256326367097,0.0,0.12388490583737673,0.1359802206899652,2167,221,12589,3046153.5,0.0,0.0,True
recall5,bge_m3_hybrid_513,rer_bge_m3_hybrid_513_nemotron,0.11524337317219736,0.0,0.10955786666302922,0.12092887968136551,1906,180,12891,2508210.0,0.0,0.0,True
recall5,bge_m3_hybrid_513,rer_bge_m3_hybrid_513_nemotron_tk1000,0.13453962742872405,0.0,0.12837867011047546,0.14070058474697264,2251,236,12490,3241224.0,0.0,0.0,True
recall5,bge_m3_hybrid_513,rer_bge_m3_hybrid_513_nemotron_tk500,0.13327101555718768,0.0,0.12716860057219728,0.13937343054217807,2218,222,12537,3054165.0,0.0,0.0,True
recall5,bge_m3_hybrid_513_tk1000,bge_m3_hybrid_513_tk500,0.0,0.0,0.0,0.0,0,0,14977,0.0,1.0,1.0,False
recall5,bge_m3_hybrid_513_tk1000,bge_m3_hybrid_514,-0.024904854109634774,0.0,-0.029524209992554153,-0.020285498226715395,441,814,13722,6328350.0,6.350808290784643e-26,1.333669741064775e-24,True
recall5,bge_m3_hybrid_513_tk1000,reranked_results,0.08145823596180811,0.0,0.0757613958655886,0.08715507605802762,1607,387,12983,5410453.5,2.3857475727605178e-164,8.11154174738576e-163,True
recall5,bge_m3_hybrid_513_tk1000,nemotron_topk400,0.12993256326367097,0.0,0.12388490583737673,0.1359802206899652,2167,221,12589,3046153.5,0.0,0.0,True
recall5,bge_m3_hybrid_513_tk1000,rer_bge_m3_hybrid_513_nemotron,0.11524337317219736,0.0,0.10955786666302922,0.12092887968136551,1906,180,12891,2508210.0,0.0,0.0,True
recall5,bge_m3_hybrid_513_tk1000,rer_bge_m3_hybrid_513_nemotron_tk1000,0.13453962742872405,0.0,0.12837867011047546,0.14070058474697264,2251,236,12490,3241224.0,0.0,0.0,True
recall5,bge_m3_hybrid_513_tk1000,rer_bge_m3_hybrid_513_nemotron_tk500,0.13327101555718768,0.0,0.12716860057219728,0.13937343054217807,2218,222,12537,3054165.0,0.0,0.0,True
recall5,bge_m3_hybrid_513_tk500,bge_m3_hybrid_514,-0.024904854109634774,0.0,-0.029524209992554153,-0.020285498226715395,441,814,13722,6328350.0,6.350808290784643e-26,1.333669741064775e-24,True
recall5,bge_m3_hybrid_513_tk500,reranked_results,0.08145823596180811,0.0,0.0757613958655886,0.08715507605802762,1607,387,12983,5410453.5,2.3857475727605178e-164,8.11154174738576e-163,True
recall5,bge_m3_hybrid_513_tk500,nemotron_topk400,0.12993256326367097,0.0,0.12388490583737673,0.1359802206899652,2167,221,12589,3046153.5,0.0,0.0,True
recall5,bge_m3_hybrid_513_tk500,rer_bge_m3_hybrid_513_nemotron,0.11524337317219736,0.0,0.10955786666302922,0.12092887968136551,1906,180,12891,2508210.0,0.0,0.0,True
recall5,bge_m3_hybrid_513_tk500,rer_bge_m3_hybrid_513_nemotron_tk1000,0.13453962742872405,0.0,0.12837867011047546,0.14070058474697264,2251,236,12490,3241224.0,0.0,0.0,True
recall5,bge_m3_hybrid_513_tk500,rer_bge_m3_hybrid_513_nemotron_tk500,0.13327101555718768,0.0,0.12716860057219728,0.13937343054217807,2218,222,12537,3054165.0,0.0,0.0,True
recall5,bge_m3_hybrid_514,reranked_results,0.10636309007144287,0.0,0.1003007044528395,0.11242547569004624,1954,361,12662,4989020.0,2.2380210504767915e-240,8.280677886764129e-239,True
recall5,bge_m3_hybrid_514,nemotron_topk400,0.15483741737330572,0.0,0.14847400080922196,0.1612008339373895,2521,202,12254,2750432.0,0.0,0.0,True
recall5,bge_m3_hybrid_514,rer_bge_m3_hybrid_513_nemotron,0.14014822728183216,0.0,0.1340699472331351,0.14622650733052922,2275,176,12526,2420352.0,0.0,0.0,True
recall5,bge_m3_hybrid_514,rer_bge_m3_hybrid_513_nemotron_tk1000,0.15944448153835883,0.0,0.15299641054588078,0.16589255253083687,2598,210,12169,2850435.0,0.0,0.0,True
recall5,bge_m3_hybrid_514,rer_bge_m3_hybrid_513_nemotron_tk500,0.15817586966682246,0.0,0.15177708678328744,0.16457465255035747,2567,198,12212,2691810.0,0.0,0.0,True
recall5,reranked_results,nemotron_topk400,0.04847432730186286,0.0,0.04362857601829737,0.053320078585428345,1066,340,13571,4853330.0,1.6236895621218183e-83,4.708699730153273e-82,True
recall5,reranked_results,rer_bge_m3_hybrid_513_nemotron,0.03378513721038926,0.0,0.02952217922352113,0.038048095197257395,792,286,13899,4129411.0,1.3727888394560155e-53,3.8438087504768434e-52,True
recall5,reranked_results,rer_bge_m3_hybrid_513_nemotron_tk1000,0.053081391466915935,0.0,0.04808596153449846,0.05807682139933341,1147,352,13478,5008256.0,1.0775127693835354e-93,3.34028958508896e-92,True
recall5,reranked_results,rer_bge_m3_hybrid_513_nemotron_tk500,0.05181277959537958,0.0,0.04690558146069314,0.056719977730066026,1111,335,13531,4775257.5,1.4513232143958658e-92,4.3539696431875973e-91,True
recall5,nemotron_topk400,rer_bge_m3_hybrid_513_nemotron,-0.014689190091473592,0.0,-0.017606280122630998,-0.011772100060316188,140,360,14477,2061850.0,7.669610518818861e-23,1.3038337881992063e-21,True
recall5,nemotron_topk400,rer_bge_m3_hybrid_513_nemotron_tk1000,0.004607064165053082,0.0,0.0028380925094626157,0.006376035820643547,126,57,14794,848502.0,3.385305473072739e-07,3.7238360203800125e-06,True
recall5,nemotron_topk400,rer_bge_m3_hybrid_513_nemotron_tk500,0.0033384522935167257,0.0,0.0018357081068638313,0.00484119648016962,91,41,14845,611371.5,1.3493733270227875e-05,0.00013493733270227874,True
recall5,rer_bge_m3_hybrid_513_nemotron,rer_bge_m3_hybrid_513_nemotron_tk1000,0.019296254256526674,0.0,0.015991898056152913,0.022600610456900434,466,177,14334,2594112.0,4.325406080896936e-30,9.515893377973259e-29,True
recall5,rer_bge_m3_hybrid_513_nemotron,rer_bge_m3_hybrid_513_nemotron_tk500,0.018027642384990317,0.0,0.014977460259789951,0.021077824510190683,409,139,14429,2043786.5,8.909185483232205e-31,2.0491126611434074e-29,True
recall5,rer_bge_m3_hybrid_513_nemotron_tk1000,rer_bge_m3_hybrid_513_nemotron_tk500,-0.0012686118715363557,0.0,-0.0028873789557860106,0.000350155212713299,67,86,14824,998367.0,0.12452392086617774,0.8716674460632442,False
recall10,bge_m3_hybrid_315,bge_m3_hybrid_414,-0.01595780196300995,0.0,-0.020217305615451375,-0.011698298310568525,412,651,13914,5951752.0,2.293629160889933e-13,2.981717909156913e-12,True
recall10,bge_m3_hybrid_315,bge_m3_hybrid_424,-0.021366094678507044,0.0,-0.02579896879677067,-0.01693322056024342,417,737,13823,6005008.5,4.5144495529669016e-21,9.480344061230493e-20,True
recall10,bge_m3_hybrid_315,bge_m3_hybrid_513,0.0012018428256660213,0.0,-0.000592588315995683,0.0029962739673277256,103,85,14789,1265097.5,0.18925543169201764,1.0,False
recall10,bge_m3_hybrid_315,bge_m3_hybrid_513_tk1000,0.0012686118715363557,0.0,-0.0005305741514491978,0.0030677978945219094,104,85,14788,1265055.0,0.16695738144421524,1.0,False
recall10,bge_m3_hybrid_315,bge_m3_hybrid_513_tk500,0.0012686118715363557,0.0,-0.0005305741514491978,0.0030677978945219094,104,85,14788,1265055.0,0.16695738144421524,1.0,False
recall10,bge_m3_hybrid_315,bge_m3_hybrid_514,-0.01742672097215731,0.0,-0.02166458541100875,-0.013188856533305867,396,657,13924,5722596.0,8.755600710194122e-16,1.4884521207330006e-14,True
recall10,bge_m3_hybrid_315,reranked_results,0.07077518862255458,0.0,0.06551229056931017,0.07603808667579899,1376,316,13285,4465554.0,1.950028785468108e-146,6.825100749138378e-145,True
recall10,bge_m3_hybrid_315,nemotron_topk400,0.12205381585097148,0.0,0.11632958205627038,0.12777804964567258,1982,154,12841,2142063.0,0.0,0.0,True
recall10,bge_m3_hybrid_315,rer_bge_m3_hybrid_513_nemotron,0.09801695933765106,0.0,0.09282429137931164,0.10320962729599048,1593,125,13259,1764812.5,9.27534596739341e-275,3.895645306305232e-273,True
recall10,bge_m3_hybrid_315,rer_bge_m3_hybrid_513_nemotron_tk1000,0.12792949188756092,0.0,0.1220400618405479,0.13381892193457395,2093,177,12707,2450122.5,0.0,0.0,True
recall10,bge_m3_hybrid_315,rer_bge_m3_hybrid_513_nemotron_tk500,0.12512519196100688,0.0,0.11931389662307548,0.13093648729893828,2040,166,12771,2303167.0,0.0,0.0,True
recall10,bge_m3_hybrid_414,bge_m3_hybrid_424,-0.005408292715497096,0.0,-0.008027728137879156,-0.0027888572931150358,160,241,14576,2364320.0,5.2334968698810407e-05,0.0005233496869881041,True
recall10,bge_m3_hybrid_414,bge_m3_hybrid_513,0.01715964478867597,0.0,0.012909392791238088,0.021409896786113852,658,401,13918,5793648.0,2.8473946160727387e-15,3.986352462501834e-14,True
recall10,bge_m3_hybrid_414,bge_m3_hybrid_513_tk1000,0.017226413834546303,0.0,0.01297421645375325,0.021478611215339356,659,401,13917,5793447.5,2.292376273794948e-15,3.667802038071917e-14,True
recall10,bge_m3_hybrid_414,bge_m3_hybrid_513_tk500,0.017226413834546303,0.0,0.01297421645375325,0.021478611215339356,659,401,13917,5793447.5,2.292376273794948e-15,3.667802038071917e-14,True
recall10,bge_m3_hybrid_414,bge_m3_hybrid_514,-0.0014689190091473593,0.0,-0.0030283552038191607,9.051718552444219e-05,60,82,14835,894390.0,0.06486331782204678,0.45404322475432746,False
recall10,bge_m3_hybrid_414,reranked_results,0.08673299058556454,0.0,0.08113975714759436,0.09232622402353471,1619,320,13038,4482560.0,2.889186689912821e-191,1.0401072083686157e-189,True
recall10,bge_m3_hybrid_414,nemotron_topk400,0.13801161781398144,0.0,0.13200577166953367,0.1440174639584292,2229,162,12586,2232684.0,0.0,0.0,True
recall10,bge_m3_hybrid_414,rer_bge_m3_hybrid_513_nemotron,0.11397476130066102,0.0,0.10843984999330777,0.11950967260801426,1845,138,12994,1930068.0,0.0,0.0,True
recall10,bge_m3_hybrid_414,rer_bge_m3_hybrid_513_nemotron_tk1000,0.14388729385057086,0.0,0.13773604724202812,0.1500385404591136,2337,182,12458,2496676.0,0.0,0.0,True
recall10,bge_m3_hybrid_414,rer_bge_m3_hybrid_513_nemotron_tk500,0.14108299392401683,0.0,0.13500462543813968,0.14716136240989397,2284,171,12522,2351250.0,0.0,0.0,True
recall10,bge_m3_hybrid_424,bge_m3_hybrid_513,0.022567937504173064,0.0,0.01809810333388512,0.02703777167446101,756,418,13803,6015229.0,5.922767467037268e-23,1.3030088427481989e-21,True
recall10,bge_m3_hybrid_424,bge_m3_hybrid_513_tk1000,0.0226347065500434,0.0,0.018163043240912242,0.02710636985917456,757,418,13802,6015020.0,4.616555352584955e-23,1.1079732846203891e-21,True
recall10,bge_m3_hybrid_424,bge_m3_hybrid_513_tk500,0.0226347065500434,0.0,0.018163043240912242,0.02710636985917456,757,418,13802,6015020.0,4.616555352584955e-23,1.1079732846203891e-21,True
recall10,bge_m3_hybrid_424,bge_m3_hybrid_514,0.003939373706349736,0.0,0.001392195915250099,0.0064865514974493735,219,160,14598,2366080.0,0.0024404698759969774,0.021930613280901085,True
recall10,bge_m3_hybrid_424,reranked_results,0.09214128330106162,0.0,0.0864380961587518,0.09784447044337145,1703,323,12951,4510533.5,1.998943916360698e-206,7.595986882170653e-205,True
recall10,bge_m3_hybrid_424,nemotron_topk400,0.14341991052947853,0.0,0.13731476917228636,0.1495250518866707,2316,168,12493,2307564.0,0.0,0.0,True
recall10,bge_m3_hybrid_424,rer_bge_m3_hybrid_513_nemotron,0.1193830540161581,0.0,0.11371950357486729,0.12504660445744892,1937,149,12891,2076240.5,0.0,0.0,True
recall10,bge_m3_hybrid_424,rer_bge_m3_hybrid_513_nemotron_tk1000,0.14929558656606798,0.0,0.14305414644062378,0.15553702669151218,2422,186,12369,2543271.0,0.0,0.0,True
recall10,bge_m3_hybrid_424,rer_bge_m3_hybrid_513_nemotron_tk500,0.1464912866395139,0.0,0.14032102851343153,0.1526615447655963,2369,175,12433,2398462.5,0.0,0.0,True
recall10,bge_m3_hybrid_513,bge_m3_hybrid_513_tk1000,6.676904587033452e-05,0.0,-6.410645669951433e-05,0.00019764454844018337,1,0,14976,0.0,0.31731050786291415,1.0,False
recall10,bge_m3_hybrid_513,bge_m3_hybrid_513_tk500,6.676904587033452e-05,0.0,-6.410645669951433e-05,0.00019764454844018337,1,0,14976,0.0,0.31731050786291415,1.0,False
recall10,bge_m3_hybrid_513,bge_m3_hybrid_514,-0.01862856379782333,0.0,-0.022877228912763316,-0.014379898682883342,390,669,13918,5634720.0,1.0041974556276684e-17,1.8075554201298032e-16,True
recall10,bge_m3_hybrid_513,reranked_results,0.06957334579688856,0.0,0.06430959136261521,0.07483710023116191,1366,324,13287,4578930.0,9.729216555904675e-142,3.3079336290075894e-140,True
recall10,bge_m3_hybrid_513,nemotron_topk400,0.12085197302530547,0.0,0.11511522601470947,0.12658872003590146,1975,165,12837,2294737.5,0.0,0.0,True
recall10,bge_m3_hybrid_513,rer_bge_m3_hybrid_513_nemotron,0.09681511651198504,0.0,0.09161008129583625,0.10202015172813383,1586,136,13255,1919844.0,1.6953944913675843e-267,6.951117414607095e-266,True
recall10,bge_m3_hybrid_513,rer_bge_m3_hybrid_513_nemotron_tk1000,0.1267276490618949,0.0,0.12082865217777654,0.13262664594601328,2085,187,12705,2588360.5,0.0,0.0,True
recall10,bge_m3_hybrid_513,rer_bge_m3_hybrid_513_nemotron_tk500,0.12392334913534085,0.0,0.11810250708667541,0.1297441911840063,2032,176,12769,2441736.0,0.0,0.0,True
recall10,bge_m3_hybrid_513_tk1000,bge_m3_hybrid_513_tk500,0.0,0.0,0.0,0.0,0,0,14977,0.0,1.0,1.0,False
recall10,bge_m3_hybrid_513_tk1000,bge_m3_hybrid_514,-0.018695332843693662,0.0,-0.022945938148657898,-0.014444727538729427,390,670,13917,5634525.0,7.96247178325734e-18,1.592494356651468e-16,True
recall10,bge_m3_hybrid_513_tk1000,reranked_results,0.06950657675101823,0.0,0.06424096922097486,0.07477218428106161,1366,325,13286,4592900.0,2.1807606565130905e-141,7.196510166493198e-140,True
recall10,bge_m3_hybrid_513_tk1000,nemotron_topk400,0.12078520397943514,0.0,0.1150495892907909,0.12652081866807938,1974,165,12838,2294820.0,0.0,0.0,True
recall10,bge_m3_hybrid_513_tk1000,rer_bge_m3_hybrid_513_nemotron,0.09674834746611471,0.0,0.09154134863804521,0.10195534629418422,1586,137,13254,1933892.0,5.609562107871804e-267,2.2438248431487216e-265,True
recall10,bge_m3_hybrid_513_tk1000,rer_bge_m3_hybrid_513_nemotron_tk1000,0.12666088001602457,0.0,0.12076296723885385,0.1325587927931953,2084,187,12706,2588454.0,0.0,0.0,True
recall10,bge_m3_hybrid_513_tk1000,rer_bge_m3_hybrid_513_nemotron_tk500,0.12385658008947052,0.0,0.11803684496052809,0.12967631521841297,2031,176,12770,2441824.0,0.0,0.0,True
recall10,bge_m3_hybrid_513_tk500,bge_m3_hybrid_514,-0.018695332843693662,0.0,-0.022945938148657898,-0.014444727538729427,390,670,13917,5634525.0,7.96247178325734e-18,1.592494356651468e-16,True
recall10,bge_m3_hybrid_513_tk500,reranked_results,0.06950657675101823,0.0,0.06424096922097486,0.07477218428106161,1366,325,13286,4592900.0,2.1807606565130905e-141,7.196510166493198e-140,True
recall10,bge_m3_hybrid_513_tk500,nemotron_topk400,0.12078520397943514,0.0,0.1150495892907909,0.12652081866807938,1974,165,12838,2294820.0,0.0,0.0,True
recall10,bge_m3_hybrid_513_tk500,rer_bge_m3_hybrid_513_nemotron,0.09674834746611471,0.0,0.09154134863804521,0.10195534629418422,1586,137,13254,1933892.0,5.609562107871804e-267,2.2438248431487216e-265,True
recall10,bge_m3_hybrid_513_tk500,rer_bge_m3_hybrid_513_nemotron_tk1000,0.12666088001602457,0.0,0.12076296723885385,0.1325587927931953,2084,187,12706,2588454.0,0.0,0.0,True
recall10,bge_m3_hybrid_513_tk500,rer_bge_m3_hybrid_513_nemotron_tk500,0.12385658008947052,0.0,0.11803684496052809,0.12967631521841297,2031,176,12770,2441824.0,0.0,0.0,True
recall10,bge_m3_hybrid_514,reranked_results,0.08820190959471189,0.0,0.08257485848819661,0.09382896070122716,1643,322,13012,4506390.0,3.864643884340905e-195,1.4299182372061349e-193,True
recall10,bge_m3_hybrid_514,nemotron_topk400,0.1394805368231288,0.0,0.1334378751307283,0.1455231985155293,2256,167,12554,2298922.0,0.0,0.0,True
recall10,bge_m3_hybrid_514,rer_bge_m3_hybrid_513_nemotron,0.11544368030980837,0.0,0.10987029057909384,0.1210170700405229,1871,142,12964,1983882.0,0.0,0.0,True
recall10,bge_m3_hybrid_514,rer_bge_m3_hybrid_513_nemotron_tk1000,0.14535621285971823,0.0,0.13916937370217705,0.1515430520172594,2364,187,12426,2562274.0,0.0,0.0,True
recall10,bge_m3_hybrid_514,rer_bge_m3_hybrid_513_nemotron_tk500,0.1425519129331642,0.0,0.13643735481564068,0.1486664710506877,2311,176,12490,2417184.0,0.0,0.0,True
recall10,reranked_results,nemotron_topk400,0.051278627228416904,0.0,0.046609648504888794,0.05594760595194501,1040,272,13665,3895448.0,8.9879270445241e-100,2.606498842911989e-98,True
recall10,reranked_results,rer_bge_m3_hybrid_513_nemotron,0.02724177071509648,0.0,0.023482793797550385,0.031000747632642576,622,214,14141,3115733.0,3.250522622251691e-45,8.126306555629228e-44,True
recall10,reranked_results,rer_bge_m3_hybrid_513_nemotron_tk1000,0.05715430326500634,0.0,0.05224835734479237,0.06206024918522031,1155,299,13523,4260899.5,1.3171313399234962e-111,4.083107153762838e-110,True
recall10,reranked_results,rer_bge_m3_hybrid_513_nemotron_tk500,0.054350003338452295,0.0,0.049591734061543206,0.05910827261536138,1090,276,13611,3945282.0,1.690702989319406e-107,5.072108967958217e-106,True
recall10,nemotron_topk400,rer_bge_m3_hybrid_513_nemotron,-0.024036856513320423,0.0,-0.027246341430339223,-0.020827371596301623,125,485,14367,1834062.5,3.993858121771317e-48,1.0384031116605424e-46,True
recall10,nemotron_topk400,rer_bge_m3_hybrid_513_nemotron_tk1000,0.005875676036589437,0.0,0.0038587541884380484,0.007892597884740825,163,75,14739,1114387.5,1.1689572902967436e-08,1.4027487483560925e-07,True
recall10,nemotron_topk400,rer_bge_m3_hybrid_513_nemotron_tk500,0.0030713761100353877,0.0,0.0016995782457427298,0.004443173974328045,78,32,14867,477520.0,1.1549236970298716e-05,0.00012704160667328587,True
recall10,rer_bge_m3_hybrid_513_nemotron,rer_bge_m3_hybrid_513_nemotron_tk1000,0.029912532549909863,0.0,0.026246496020687952,0.03357856907913177,623,175,14179,2551237.5,1.2176365424580599e-56,3.409382318882567e-55,True
recall10,rer_bge_m3_hybrid_513_nemotron,rer_bge_m3_hybrid_513_nemotron_tk500,0.02710823262335581,0.0,0.023753533444990628,0.030462931801720994,537,131,14309,1918298.5,1.3203910130006023e-55,3.565055735101626e-54,True
recall10,rer_bge_m3_hybrid_513_nemotron_tk1000,rer_bge_m3_hybrid_513_nemotron_tk500,-0.0028042999265540497,0.0,-0.004617268300377143,-0.0009913315527309565,75,117,14785,1116112.5,0.0024367348089890093,0.021930613280901085,True
recall100,bge_m3_hybrid_315,bge_m3_hybrid_414,-0.0038726046604794016,0.0,-0.007304991097339615,-0.0004402182236191883,315,373,14289,4609552.5,0.027019964460447896,0.18913975122313526,False
recall100,bge_m3_hybrid_315,bge_m3_hybrid_424,-0.00888028310075449,0.0,-0.012440164908623536,-0.005320401292885446,304,437,14236,4440528.0,1.0296942602370583e-06,2.7801745026400572e-05,True
recall100,bge_m3_hybrid_315,bge_m3_hybrid_513,0.002603992788943046,0.0,0.0013561752467121122,0.0038518103311739804,65,26,14886,388232.0,4.345256153459626e-05,0.0006952409845535401,True
recall100,bge_m3_hybrid_315,bge_m3_hybrid_513_tk1000,0.004273218935701409,0.0,0.0028411364598305497,0.005705301411572269,92,28,14857,417690.0,5.146212468206494e-09,1.5953258651440132e-07,True
recall100,bge_m3_hybrid_315,bge_m3_hybrid_513_tk500,0.004273218935701409,0.0,0.0028411364598305497,0.005705301411572269,92,28,14857,417690.0,5.146212468206494e-09,1.5953258651440132e-07,True
recall100,bge_m3_hybrid_315,bge_m3_hybrid_514,-0.0038726046604794016,0.0,-0.0073149577532817655,-0.00043025156767703774,317,375,14285,4638185.5,0.027466084179957127,0.18913975122313526,False
recall100,bge_m3_hybrid_315,reranked_results,0.002603992788943046,0.0,0.0013561752467121122,0.0038518103311739804,65,26,14886,388232.0,4.345256153459626e-05,0.0006952409845535401,True
recall100,bge_m3_hybrid_315,nemotron_topk400,0.05635307471456233,0.0,0.052365128278732555,0.0603410211503921,910,66,14001,956307.0,9.644544625078879e-161,4.532935973787073e-159,True
recall100,bge_m3_hybrid_315,rer_bge_m3_hybrid_513_nemotron,0.002603992788943046,0.0,0.0013561752467121122,0.0038518103311739804,65,26,14886,388232.0,4.345256153459626e-05,0.0006952409845535401,True
recall100,bge_m3_hybrid_315,rer_bge_m3_hybrid_513_nemotron_tk1000,0.07438071709955264,0.0,0.06976984339147414,0.07899159080763114,1219,105,13653,1503127.5,7.614765168083748e-206,4.7973020558927615e-204,True
recall100,bge_m3_hybrid_315,rer_bge_m3_hybrid_513_nemotron_tk500,0.06202844361354076,0.0,0.05783339034300266,0.06622349688407886,1007,78,13892,1125930.0,5.318328255260787e-175,2.871897257840825e-173,True
recall100,bge_m3_hybrid_414,bge_m3_hybrid_424,-0.005007678440275089,0.0,-0.006833555498643107,-0.003181801381907071,60,135,14782,892800.0,7.836135331371336e-08,2.1941178927839743e-06,True
recall100,bge_m3_hybrid_414,bge_m3_hybrid_513,0.006476597449422448,0.0,0.003052714533330925,0.00990048036551397,391,294,14292,4302690.0,0.00021040920945480945,0.0027353197229125228,True
recall100,bge_m3_hybrid_414,bge_m3_hybrid_513_tk1000,0.008145823596180811,0.0,0.004690480433661484,0.011601166758700139,410,288,14279,4213008.0,3.878893710781599e-06,0.00010085123648032159,True
recall100,bge_m3_hybrid_414,bge_m3_hybrid_513_tk500,0.008145823596180811,0.0,0.004690480433661484,0.011601166758700139,410,288,14279,4213008.0,3.878893710781599e-06,0.00010085123648032159,True
recall100,bge_m3_hybrid_414,bge_m3_hybrid_514,0.0,0.0,-0.0010950195718437473,0.0010950195718437473,35,35,14907,522987.5,1.0,1.0,False
recall100,bge_m3_hybrid_414,reranked_results,0.006476597449422448,0.0,0.003052714533330925,0.00990048036551397,391,294,14292,4302690.0,0.00021040920945480945,0.0027353197229125228,True
recall100,bge_m3_hybrid_414,nemotron_topk400,0.06022567937504173,0.0,0.05591323935448284,0.06453811939560063,1021,119,13837,1714492.5,3.15689689698071e-157,1.4521725726111267e-155,True
recall100,bge_m3_hybrid_414,rer_bge_m3_hybrid_513_nemotron,0.006476597449422448,0.0,0.003052714533330925,0.00990048036551397,391,294,14292,4302690.0,0.00021040920945480945,0.0027353197229125228,True
recall100,bge_m3_hybrid_414,rer_bge_m3_hybrid_513_nemotron_tk1000,0.07825332176003205,0.0,0.07346897387903402,0.08303766964103008,1300,128,13549,1825728.0,3.4466258262965037e-211,2.2403067870927274e-209,True
recall100,bge_m3_hybrid_414,rer_bge_m3_hybrid_513_nemotron_tk500,0.06590104827402016,0.0,0.06145121795774397,0.07035087859029635,1104,117,13756,1680939.0,1.5869099913109422e-175,8.886695951341276e-174,True
recall100,bge_m3_hybrid_424,bge_m3_hybrid_513,0.011484275889697537,0.0,0.007938361875621514,0.015030189903773559,454,282,14241,4119879.0,2.2975902603763324e-10,7.81180688527953e-09,True
recall100,bge_m3_hybrid_424,bge_m3_hybrid_513_tk1000,0.013153502036455898,0.0,0.009568232514531694,0.016738771558380102,475,278,14224,4059078.0,7.018253816864289e-13,2.526571374071144e-11,True
recall100,bge_m3_hybrid_424,bge_m3_hybrid_513_tk500,0.013153502036455898,0.0,0.009568232514531694,0.016738771558380102,475,278,14224,4059078.0,7.018253816864289e-13,2.526571374071144e-11,True
recall100,bge_m3_hybrid_424,bge_m3_hybrid_514,0.005007678440275089,0.0,0.0032197213084884935,0.006795635572061684,131,56,14790,833504.0,4.145392231806125e-08,1.2021637472237764e-06,True
recall100,bge_m3_hybrid_424,reranked_results,0.011484275889697537,0.0,0.007938361875621514,0.015030189903773559,454,282,14241,4119879.0,2.2975902603763324e-10,7.81180688527953e-09,True
recall100,bge_m3_hybrid_424,nemotron_topk400,0.06523335781531682,0.0,0.06080414817085221,0.06966256745978143,1093,116,13768,1667268.0,1.025044601487307e-173,5.432736387882727e-172,True
recall100,bge_m3_hybrid_424,rer_bge_m3_hybrid_513_nemotron,0.011484275889697537,0.0,0.007938361875621514,0.015030189903773559,454,282,14241,4119879.0,2.2975902603763324e-10,7.81180688527953e-09,True
recall100,bge_m3_hybrid_424,rer_bge_m3_hybrid_513_nemotron_tk1000,0.08326100020030713,0.0,0.07837587758112072,0.08814612281949355,1372,125,13480,1778625.0,6.78476194255316e-228,4.477942882085086e-226,True
recall100,bge_m3_hybrid_424,rer_bge_m3_hybrid_513_nemotron_tk500,0.07090872671429525,0.0,0.06634348569112958,0.07547396773746093,1177,115,13685,1648122.5,7.473266107346002e-192,4.409227003334141e-190,True
recall100,bge_m3_hybrid_513,bge_m3_hybrid_513_tk1000,0.0016692261467583628,0.0,0.0009410085001459351,0.0023974437933707905,28,3,14946,44886.0,7.1178865539227356e-06,0.0001565935041863002,True
recall100,bge_m3_hybrid_513,bge_m3_hybrid_513_tk500,0.0016692261467583628,0.0,0.0009410085001459351,0.0023974437933707905,28,3,14946,44886.0,7.1178865539227356e-06,0.0001565935041863002,True
recall100,bge_m3_hybrid_513,bge_m3_hybrid_514,-0.006476597449422448,0.0,-0.009910471702607535,-0.0030427231962373603,296,393,14288,4331368.0,0.00021953596001063257,0.0027353197229125228,True
recall100,bge_m3_hybrid_513,reranked_results,0.0,0.0,0.0,0.0,0,0,14977,0.0,1.0,1.0,False
recall100,bge_m3_hybrid_513,nemotron_topk400,0.05374908192561928,0.0,0.04983638226215106,0.057661781589087496,871,66,14040,957594.0,2.010618928862301e-152,8.846723286994124e-151,True
recall100,bge_m3_hybrid_513,rer_bge_m3_hybrid_513_nemotron,0.0,0.0,0.0,0.0,0,0,14977,0.0,1.0,1.0,False
recall100,bge_m3_hybrid_513,rer_bge_m3_hybrid_513_nemotron_tk1000,0.07177672431060961,0.0,0.06722060060669034,0.07633284801452887,1182,107,13688,1533631.0,5.578592171373836e-197,3.4587271462517785e-195,True
recall100,bge_m3_hybrid_513,rer_bge_m3_hybrid_513_nemotron_tk500,0.05942445082459771,0.0,0.055291646102395314,0.06355725554680011,970,80,13927,1156200.0,4.475365064467467e-166,2.327189833523083e-164,True
recall100,bge_m3_hybrid_513_tk1000,bge_m3_hybrid_513_tk500,0.0,0.0,0.0,0.0,0,0,14977,0.0,1.0,1.0,False
recall100,bge_m3_hybrid_513_tk1000,bge_m3_hybrid_514,-0.008145823596180811,0.0,-0.01161106738765539,-0.004680579804706233,290,412,14275,4241685.0,4.132727629533034e-06,0.00010085123648032159,True
recall100,bge_m3_hybrid_513_tk1000,reranked_results,-0.0016692261467583628,0.0,-0.0023974437933707905,-0.0009410085001459351,3,28,14946,44886.0,7.1178865539227356e-06,0.0001565935041863002,True
recall100,bge_m3_hybrid_513_tk1000,nemotron_topk400,0.05207985577886092,0.0,0.04821639875670916,0.05594331280101268,846,66,14065,958419.0,4.2572285633411153e-147,1.7454637109698573e-145,True
recall100,bge_m3_hybrid_513_tk1000,rer_bge_m3_hybrid_513_nemotron,-0.0016692261467583628,0.0,-0.0023974437933707905,-0.0009410085001459351,3,28,14946,44886.0,7.1178865539227356e-06,0.0001565935041863002,True
recall100,bge_m3_hybrid_513_tk1000,rer_bge_m3_hybrid_513_nemotron_tk1000,0.07010749816385124,0.0,0.06558809067452356,0.07462690565317892,1158,108,13711,1549206.0,2.128759597915852e-191,1.2346805667911941e-189,True
recall100,bge_m3_hybrid_513_tk1000,rer_bge_m3_hybrid_513_nemotron_tk500,0.057755224677839355,0.0,0.05366841452803417,0.06184203482764454,945,80,13952,1157200.0,9.067829514116137e-161,4.443236461916907e-159,True
recall100,bge_m3_hybrid_513_tk500,bge_m3_hybrid_514,-0.008145823596180811,0.0,-0.01161106738765539,-0.004680579804706233,290,412,14275,4241685.0,4.132727629533034e-06,0.00010085123648032159,True
recall100,bge_m3_hybrid_513_tk500,reranked_results,-0.0016692261467583628,0.0,-0.0023974437933707905,-0.0009410085001459351,3,28,14946,44886.0,7.1178865539227356e-06,0.0001565935041863002,True
recall100,bge_m3_hybrid_513_tk500,nemotron_topk400,0.05207985577886092,0.0,0.04821639875670916,0.05594331280101268,846,66,14065,958419.0,4.2572285633411153e-147,1.7454637109698573e-145,True
recall100,bge_m3_hybrid_513_tk500,rer_bge_m3_hybrid_513_nemotron,-0.0016692261467583628,0.0,-0.0023974437933707905,-0.0009410085001459351,3,28,14946,44886.0,7.1178865539227356e-06,0.0001565935041863002,True
recall100,bge_m3_hybrid_513_tk500,rer_bge_m3_hybrid_513_nemotron_tk1000,0.07010749816385124,0.0,0.06558809067452356,0.07462690565317892,1158,108,13711,1549206.0,2.128759597915852e-191,1.2346805667911941e-189,True
recall100,bge_m3_hybrid_513_tk500,rer_bge_m3_hybrid_513_nemotron_tk500,0.057755224677839355,0.0,0.05366841452803417,0.06184203482764454,945,80,13952,1157200.0,9.067829514116137e-161,4.443236461916907e-159,True
recall100,bge_m3_hybrid_514,reranked_results,0.006476597449422448,0.0,0.0030427231962373603,0.009910471702607535,393,296,14288,4331368.0,0.00021953596001063257,0.0027353197229125228,True
recall100,bge_m3_hybrid_514,nemotron_topk400,0.06022567937504173,0.0,0.05591323935448284,0.06453811939560063,1021,119,13837,1714492.5,3.15689689698071e-157,1.4521725726111267e-155,True
recall100,bge_m3_hybrid_514,rer_bge_m3_hybrid_513_nemotron,0.006476597449422448,0.0,0.0030427231962373603,0.009910471702607535,393,296,14288,4331368.0,0.00021953596001063257,0.0027353197229125228,True
recall100,bge_m3_hybrid_514,rer_bge_m3_hybrid_513_nemotron_tk1000,0.07825332176003205,0.0,0.07346539488838892,0.08304124863167518,1301,129,13547,1839862.5,6.7581346330021e-211,4.325206165121344e-209,True
recall100,bge_m3_hybrid_514,rer_bge_m3_hybrid_513_nemotron_tk500,0.06590104827402016,0.0,0.06144737013955168,0.07035472640848864,1105,118,13754,1695188.0,3.0494837529752657e-175,1.677216064136396e-173,True
recall100,reranked_results,nemotron_topk400,0.05374908192561928,0.0,0.04983638226215106,0.057661781589087496,871,66,14040,957594.0,2.010618928862301e-152,8.846723286994124e-151,True
recall100,reranked_results,rer_bge_m3_hybrid_513_nemotron,0.0,0.0,0.0,0.0,0,0,14977,0.0,1.0,1.0,False
recall100,reranked_results,rer_bge_m3_hybrid_513_nemotron_tk1000,0.07177672431060961,0.0,0.06722060060669034,0.07633284801452887,1182,107,13688,1533631.0,5.578592171373836e-197,3.4587271462517785e-195,True
recall100,reranked_results,rer_bge_m3_hybrid_513_nemotron_tk500,0.05942445082459771,0.0,0.055291646102395314,0.06355725554680011,970,80,13927,1156200.0,4.475365064467467e-166,2.327189833523083e-164,True
recall100,nemotron_topk400,rer_bge_m3_hybrid_513_nemotron,-0.05374908192561928,0.0,-0.057661781589087496,-0.04983638226215106,66,871,14040,957594.0,2.010618928862301e-152,8.846723286994124e-151,True
recall100,nemotron_topk400,rer_bge_m3_hybrid_513_nemotron_tk1000,0.018027642384990317,0.0,0.015310087893073285,0.02074519687690735,353,83,14541,1225038.5,3.022335903388775e-38,1.1787110023216222e-36,True
recall100,nemotron_topk400,rer_bge_m3_hybrid_513_nemotron_tk500,0.0056753688989784334,0.0,0.004168728417722548,0.0071820093802343185,109,24,14844,357864.0,1.7007250351670284e-13,6.292682630118005e-12,True
recall100,rer_bge_m3_hybrid_513_nemotron,rer_bge_m3_hybrid_513_nemotron_tk1000,0.07177672431060961,0.0,0.06722060060669034,0.07633284801452887,1182,107,13688,1533631.0,5.578592171373836e-197,3.4587271462517785e-195,True
recall100,rer_bge_m3_hybrid_513_nemotron,rer_bge_m3_hybrid_513_nemotron_tk500,0.05942445082459771,0.0,0.055291646102395314,0.06355725554680011,970,80,13927,1156200.0,4.475365064467467e-166,2.327189833523083e-164,True
recall100,rer_bge_m3_hybrid_513_nemotron_tk1000,rer_bge_m3_hybrid_513_nemotron_tk500,-0.012352273486011886,0.0,-0.01467410908330899,-0.010030437888714782,66,251,14660,978054.0,2.7352537984898448e-25,1.039396443426141e-23,True
precision1,bge_m3_hybrid_315,bge_m3_hybrid_414,-0.05221339387060159,0.0,-0.05761473677737264,-0.04681205096383054,481,1263,13233,6784745.5,3.0675522094142305e-78,7.05537008165273e-77,True
precision1,bge_m3_hybrid_315,bge_m3_hybrid_424,-0.06396474594378046,0.0,-0.06963159015249644,-0.05829790173506448,489,1447,13041,6850645.5,4.208306697983219e-105,1.3045750763747978e-103,True
precision1,bge_m3_hybrid_315,bge_m3_hybrid_513,-0.0010683047339253523,0.0,-0.0030958147886301106,0.0009592053207794059,112,128,14737,1664040.0,0.3016995824783478,1.0,False
precision1,bge_m3_hybrid_315,bge_m3_hybrid_513_tk1000,-0.0010683047339253523,0.0,-0.0030958147886301106,0.0009592053207794059,112,128,14737,1664040.0,0.3016995824783478,1.0,False
precision1,bge_m3_hybrid_315,bge_m3_hybrid_513_tk500,-0.0010683047339253523,0.0,-0.0030958147886301106,0.0009592053207794059,112,128,14737,1664040.0,0.3016995824783478,1.0,False
precision1,bge_m3_hybrid_315,bge_m3_hybrid_514,-0.05561861520998865,0.0,-0.06096176846209249,-0.05027546195788481,440,1273,13264,6213240.0,4.332681658594728e-90,1.1698240478205765e-88,True
precision1,bge_m3_hybrid_315,reranked_results,0.09861788075048407,0.0,0.09204601492295329,0.10518974657801484,2072,595,12310,8118180.0,6.6814079646854066e-180,2.13805054869933e-178,True
precision1,bge_m3_hybrid_315,nemotron_topk400,0.13707685117179674,0.0,0.1307085249073484,0.14344517743624507,2351,298,12328,4068594.0,0.0,0.0,True
precision1,bge_m3_hybrid_315,rer_bge_m3_hybrid_513_nemotron,0.13120117513520732,0.0,0.12495834285684518,0.13744400741356946,2249,284,12444,3893924.0,0.0,0.0,True
precision1,bge_m3_hybrid_315,rer_bge_m3_hybrid_513_nemotron_tk1000,0.14836081992388328,0.0,0.14167396980867866,0.1550476700390879,2581,359,12037,4849192.5,0.0,0.0,True
precision1,bge_m3_hybrid_315,rer_bge_m3_hybrid_513_nemotron_tk500,0.14796020564866127,0.0,0.14129416576085388,0.15462624553646867,2569,353,12055,4771324.5,0.0,0.0,True
precision1,bge_m3_hybrid_414,bge_m3_hybrid_424,-0.011751352073178874,0.0,-0.0152776642836184,-0.008225039862739349,276,452,14249,4033326.0,6.891762699754868e-11,7.580938969730354e-10,True
precision1,bge_m3_hybrid_414,bge_m3_hybrid_513,0.05114508913667624,0.0,0.04575381872951395,0.056536359543838524,1251,485,13241,6843107.5,1.7455977578481308e-75,3.8403150672658875e-74,True
precision1,bge_m3_hybrid_414,bge_m3_hybrid_513_tk1000,0.05114508913667624,0.0,0.04575381872951395,0.056536359543838524,1251,485,13241,6843107.5,1.7455977578481308e-75,3.8403150672658875e-74,True
precision1,bge_m3_hybrid_414,bge_m3_hybrid_513_tk500,0.05114508913667624,0.0,0.04575381872951395,0.056536359543838524,1251,485,13241,6843107.5,1.7455977578481308e-75,3.8403150672658875e-74,True
precision1,bge_m3_hybrid_414,bge_m3_hybrid_514,-0.00340522133938706,0.0,-0.005393675292384464,-0.0014167673863896553,90,141,14746,1337580.0,0.0007920629332641197,0.0063365034661129575,True
precision1,bge_m3_hybrid_414,reranked_results,0.15083127462108567,0.0,0.1437610085617406,0.15790154068043075,2759,500,11718,6674000.0,0.0,0.0,True
precision1,bge_m3_hybrid_414,nemotron_topk400,0.18929024504239833,0.0,0.1822247170561057,0.19635577302869095,3143,308,11526,4081616.0,0.0,0.0,True
precision1,bge_m3_hybrid_414,rer_bge_m3_hybrid_513_nemotron,0.1834145690058089,0.0,0.1764481687050708,0.19038096930654702,3042,295,11640,3926155.0,0.0,0.0,True
precision1,bge_m3_hybrid_414,rer_bge_m3_hybrid_513_nemotron_tk1000,0.20057421379448487,0.0,0.1933230967357324,0.20782533085323734,3338,334,11305,4389261.0,0.0,0.0,True
precision1,bge_m3_hybrid_414,rer_bge_m3_hybrid_513_nemotron_tk500,0.20017359951926286,0.0,0.19294329554652742,0.2074039034919983,3325,327,11325,4300540.5,0.0,0.0,True
precision1,bge_m3_hybrid_424,bge_m3_hybrid_513,0.06289644120985512,0.0,0.057208432159325626,0.06858445026038461,1445,503,13029,7043760.5,4.5247394041327816e-101,1.3574218212398345e-99,True
precision1,bge_m3_hybrid_424,bge_m3_hybrid_513_tk1000,0.06289644120985512,0.0,0.057208432159325626,0.06858445026038461,1445,503,13029,7043760.5,4.5247394041327816e-101,1.3574218212398345e-99,True
precision1,bge_m3_hybrid_424,bge_m3_hybrid_513_tk500,0.06289644120985512,0.0,0.057208432159325626,0.06858445026038461,1445,503,13029,7043760.5,4.5247394041327816e-101,1.3574218212398345e-99,True
precision1,bge_m3_hybrid_424,bge_m3_hybrid_514,0.008346130733791814,0.0,0.0049232861798714275,0.0117689752877122,405,280,14292,4097800.0,1.7881239299526806e-06,1.6093115369574127e-05,True
precision1,bge_m3_hybrid_424,reranked_results,0.16258262669426454,0.0,0.15537458922737968,0.1697906641611494,2932,497,11548,6591711.0,0.0,0.0,True
precision1,bge_m3_hybrid_424,nemotron_topk400,0.20104159711557723,0.0,0.19381391837733097,0.2082692758538235,3333,322,11322,4234300.0,0.0,0.0,True
precision1,bge_m3_hybrid_424,rer_bge_m3_hybrid_513_nemotron,0.19516592107898778,0.0,0.18803023089394394,0.20230161126403162,3233,310,11434,4093860.0,0.0,0.0,True
precision1,bge_m3_hybrid_424,rer_bge_m3_hybrid_513_nemotron_tk1000,0.21232556586766374,0.0,0.20497202146930465,0.21967911026602283,3506,326,11145,4258049.0,0.0,0.0,True
precision1,bge_m3_hybrid_424,rer_bge_m3_hybrid_513_nemotron_tk500,0.21192495159244173,0.0,0.20458242722902148,0.219267475955862,3497,323,11157,4220802.5,0.0,0.0,True
precision1,bge_m3_hybrid_513,bge_m3_hybrid_513_tk1000,0.0,0.0,0.0,0.0,0,0,14977,0.0,1.0,1.0,False
precision1,bge_m3_hybrid_513,bge_m3_hybrid_513_tk500,0.0,0.0,0.0,0.0,0,0,14977,0.0,1.0,1.0,False
precision1,bge_m3_hybrid_513,bge_m3_hybrid_514,-0.0545503104760633,0.0,-0.05988024345466592,-0.04922037749746067,443,1260,13274,6257818.0,3.1160116347084975e-87,8.101630250242094e-86,True
precision1,bge_m3_hybrid_513,reranked_results,0.09968618548440943,0.0,0.09308982886632242,0.10628254210249644,2091,598,12288,8152534.0,2.7399969734700208e-182,9.589989407145072e-181,True
precision1,bge_m3_hybrid_513,nemotron_topk400,0.1381451559057221,0.0,0.1317881416363605,0.1445021701750837,2357,288,12332,3932640.0,0.0,0.0,True
precision1,bge_m3_hybrid_513,rer_bge_m3_hybrid_513_nemotron,0.13226947986913268,0.0,0.126032433712978,0.13850652602528735,2257,276,12444,3784236.0,0.0,0.0,True
precision1,bge_m3_hybrid_513,rer_bge_m3_hybrid_513_nemotron_tk1000,0.14942912465780864,0.0,0.14271257974783041,0.15614566956778686,2603,365,12009,4925127.5,0.0,0.0,True
precision1,bge_m3_hybrid_513,rer_bge_m3_hybrid_513_nemotron_tk500,0.14902851038258663,0.0,0.14233010926537895,0.1557269114997943,2592,360,12025,4860540.0,0.0,0.0,True
precision1,bge_m3_hybrid_513_tk1000,bge_m3_hybrid_513_tk500,0.0,0.0,0.0,0.0,0,0,14977,0.0,1.0,1.0,False
precision1,bge_m3_hybrid_513_tk1000,bge_m3_hybrid_514,-0.0545503104760633,0.0,-0.05988024345466592,-0.04922037749746067,443,1260,13274,6257818.0,3.1160116347084975e-87,8.101630250242094e-86,True
precision1,bge_m3_hybrid_513_tk1000,reranked_results,0.09968618548440943,0.0,0.09308982886632242,0.10628254210249644,2091,598,12288,8152534.0,2.7399969734700208e-182,9.589989407145072e-181,True
precision1,bge_m3_hybrid_513_tk1000,nemotron_topk400,0.1381451559057221,0.0,0.1317881416363605,0.1445021701750837,2357,288,12332,3932640.0,0.0,0.0,True
precision1,bge_m3_hybrid_513_tk1000,rer_bge_m3_hybrid_513_nemotron,0.13226947986913268,0.0,0.126032433712978,0.13850652602528735,2257,276,12444,3784236.0,0.0,0.0,True
precision1,bge_m3_hybrid_513_tk1000,rer_bge_m3_hybrid_513_nemotron_tk1000,0.14942912465780864,0.0,0.14271257974783041,0.15614566956778686,2603,365,12009,4925127.5,0.0,0.0,True
precision1,bge_m3_hybrid_513_tk1000,rer_bge_m3_hybrid_513_nemotron_tk500,0.14902851038258663,0.0,0.14233010926537895,0.1557269114997943,2592,360,12025,4860540.0,0.0,0.0,True
precision1,bge_m3_hybrid_513_tk500,bge_m3_hybrid_514,-0.0545503104760633,0.0,-0.05988024345466592,-0.04922037749746067,443,1260,13274,6257818.0,3.1160116347084975e-87,8.101630250242094e-86,True
precision1,bge_m3_hybrid_513_tk500,reranked_results,0.09968618548440943,0.0,0.09308982886632242,0.10628254210249644,2091,598,12288,8152534.0,2.7399969734700208e-182,9.589989407145072e-181,True
precision1,bge_m3_hybrid_513_tk500,nemotron_topk400,0.1381451559057221,0.0,0.1317881416363605,0.1445021701750837,2357,288,12332,3932640.0,0.0,0.0,True
precision1,bge_m3_hybrid_513_tk500,rer_bge_m3_hybrid_513_nemotron,0.13226947986913268,0.0,0.126032433712978,0.13850652602528735,2257,276,12444,3784236.0,0.0,0.0,True
precision1,bge_m3_hybrid_513_tk500,rer_bge_m3_hybrid_513_nemotron_tk1000,0.14942912465780864,0.0,0.14271257974783041,0.15614566956778686,2603,365,12009,4925127.5,0.0,0.0,True
precision1,bge_m3_hybrid_513_tk500,rer_bge_m3_hybrid_513_nemotron_tk500,0.14902851038258663,0.0,0.14233010926537895,0.1557269114997943,2592,360,12025,4860540.0,0.0,0.0,True
precision1,bge_m3_hybrid_514,reranked_results,0.15423649596047273,0.0,0.14712583491944653,0.16134715700149893,2809,499,11669,6648426.5,0.0,0.0,True
precision1,bge_m3_hybrid_514,nemotron_topk400,0.1926954663817854,0.0,0.18561357007207352,0.19977736269149726,3185,299,11493,3957414.5,0.0,0.0,True
precision1,bge_m3_hybrid_514,rer_bge_m3_hybrid_513_nemotron,0.18681979034519597,0.0,0.17983850753017405,0.19380107316021788,3083,285,11609,3788647.5,0.0,0.0,True
precision1,bge_m3_hybrid_514,rer_bge_m3_hybrid_513_nemotron_tk1000,0.20397943513387193,0.0,0.19668783704997833,0.21127103321776552,3391,336,11250,4406304.0,0.0,0.0,True
precision1,bge_m3_hybrid_514,rer_bge_m3_hybrid_513_nemotron_tk500,0.20357882085864992,0.0,0.19630551634173374,0.2108521253755661,3379,330,11268,4330590.0,0.0,0.0,True
precision1,reranked_results,nemotron_topk400,0.03845897042131268,0.0,0.03253335240622709,0.044384588436398274,1324,748,12905,10428242.0,1.0632949447754037e-36,1.8076014061181864e-35,True
precision1,reranked_results,rer_bge_m3_hybrid_513_nemotron,0.032583294384723245,0.0,0.026872222005039813,0.03829436676440668,1204,716,13057,10036530.0,8.284021533241638e-29,1.325443445318662e-27,True
precision1,reranked_results,rer_bge_m3_hybrid_513_nemotron_tk1000,0.04974293917339921,0.0,0.043975394937017596,0.05551048340978083,1362,617,12998,8630596.0,5.969562013071897e-63,1.0745211623529415e-61,True
precision1,reranked_results,rer_bge_m3_hybrid_513_nemotron_tk500,0.049342324898177206,0.0,0.043624602813408395,0.05506004698294602,1342,603,13032,8445015.0,5.072061424384059e-63,9.636916706329711e-62,True
precision1,nemotron_topk400,rer_bge_m3_hybrid_513_nemotron,-0.005875676036589437,0.0,-0.008110171270402899,-0.0036411808027759745,102,190,14685,1512813.0,2.607498052896162e-07,2.6074980528961623e-06,True
precision1,nemotron_topk400,rer_bge_m3_hybrid_513_nemotron_tk1000,0.011283968752086532,0.0,0.008611028094324376,0.013956909409848688,294,125,14558,1846000.0,1.5039580627038932e-16,1.9551454815150613e-15,True
precision1,nemotron_topk400,rer_bge_m3_hybrid_513_nemotron_tk500,0.010883354476864525,0.0,0.008121739514306356,0.013644969439422694,305,142,14530,2095068.0,1.2617764267142968e-14,1.514131712057156e-13,True
precision1,rer_bge_m3_hybrid_513_nemotron,rer_bge_m3_hybrid_513_nemotron_tk1000,0.01715964478867597,0.0,0.013755283529492091,0.02056400604785985,469,212,14296,3103044.0,6.97398783242548e-23,9.763582965395672e-22,True
precision1,rer_bge_m3_hybrid_513_nemotron,rer_bge_m3_hybrid_513_nemotron_tk500,0.01675903051345396,0.0,0.013577832447632006,0.019940228579275916,423,172,14382,2524960.0,7.817899235839269e-25,1.1726848853758904e-23,True
precision1,rer_bge_m3_hybrid_513_nemotron_tk1000,rer_bge_m3_hybrid_513_nemotron_tk500,-0.00040061427522200706,0.0,-0.0019491925107044967,0.0011479639602604823,67,73,14837,998802.5,0.6120898800892568,1.0,False
precision5,bge_m3_hybrid_315,bge_m3_hybrid_414,-0.00413968084396074,0.0,-0.005070156102048786,-0.003209205585872693,480,790,13707,6884400.0,3.3538320899905985e-18,4.359981716987778e-17,True
precision5,bge_m3_hybrid_315,bge_m3_hybrid_424,-0.005875676036589437,0.0,-0.006842797178167718,-0.004908554895011156,469,909,13599,6701306.5,2.076370416918355e-32,4.9832890006040515e-31,True
precision5,bge_m3_hybrid_315,bge_m3_hybrid_513,0.0002670761834813381,0.0,-0.00012466657249334657,0.0006588189394560228,122,102,14753,1516281.0,0.18144920772142048,1.0,False
precision5,bge_m3_hybrid_315,bge_m3_hybrid_513_tk1000,0.0002670761834813381,0.0,-0.00012466657249334657,0.0006588189394560228,122,102,14753,1516281.0,0.18144920772142048,1.0,False
precision5,bge_m3_hybrid_315,bge_m3_hybrid_513_tk500,0.0002670761834813381,0.0,-0.00012466657249334657,0.0006588189394560228,122,102,14753,1516281.0,0.18144920772142048,1.0,False
precision5,bge_m3_hybrid_315,bge_m3_hybrid_514,-0.004713894638445617,0.0,-0.0056418246151455935,-0.003785964661745641,456,809,13712,6541320.0,3.241823905868713e-23,5.8352830305636835e-22,True
precision5,bge_m3_hybrid_315,reranked_results,0.01655872337584296,0.0,0.01541974181344475,0.017697704938241167,1618,378,12981,5284251.0,1.5159439450469543e-169,5.30580380766434e-168,True
precision5,bge_m3_hybrid_315,nemotron_topk400,0.026253588836215532,0.0,0.025042705342905206,0.027464472329525858,2182,216,12579,2976156.0,0.0,0.0,True
precision5,bge_m3_hybrid_315,rer_bge_m3_hybrid_513_nemotron,0.023315750817920814,0.0,0.02217403009985491,0.02445747153598672,1926,180,12871,2506410.0,0.0,0.0,True
precision5,bge_m3_hybrid_315,rer_bge_m3_hybrid_513_nemotron_tk1000,0.027175001669226147,0.0,0.025942089834045688,0.028407913504406607,2265,230,12482,3157900.0,0.0,0.0,True
precision5,bge_m3_hybrid_315,rer_bge_m3_hybrid_513_nemotron_tk500,0.02692127929491888,0.0,0.025700054784281907,0.028142503805555854,2232,216,12529,2970756.0,0.0,0.0,True
precision5,bge_m3_hybrid_414,bge_m3_hybrid_424,-0.0017359951926286974,0.0,-0.0022868558732879237,-0.001185134511969471,157,287,14533,2316613.5,6.849459195246075e-10,8.21935103429529e-09,True
precision5,bge_m3_hybrid_414,bge_m3_hybrid_513,0.004406757027442078,0.0,0.0034810268075314405,0.005332487247352715,794,464,13719,6657704.0,1.3515233218524085e-20,2.1624373149638537e-19,True
precision5,bge_m3_hybrid_414,bge_m3_hybrid_513_tk1000,0.004406757027442078,0.0,0.0034810268075314405,0.005332487247352715,794,464,13719,6657704.0,1.3515233218524085e-20,2.1624373149638537e-19,True
precision5,bge_m3_hybrid_414,bge_m3_hybrid_513_tk500,0.004406757027442078,0.0,0.0034810268075314405,0.005332487247352715,794,464,13719,6657704.0,1.3515233218524085e-20,2.1624373149638537e-19,True
precision5,bge_m3_hybrid_414,bge_m3_hybrid_514,-0.0005742137944848768,0.0,-0.000908279681521236,-0.0002401479074485176,60,103,14814,893760.0,0.0007571012158112689,0.006056809726490151,True
precision5,bge_m3_hybrid_414,reranked_results,0.0206984042198037,0.0,0.019494996038920742,0.021901812400686657,1912,362,12703,5010261.0,9.369557818969918e-232,3.3730408148291706e-230,True
precision5,bge_m3_hybrid_414,nemotron_topk400,0.030393269680176273,0.0,0.02912484867418268,0.03166169068616986,2485,209,12283,2848774.5,0.0,0.0,True
precision5,bge_m3_hybrid_414,rer_bge_m3_hybrid_513_nemotron,0.027455431661881555,0.0,0.02624459600082112,0.02866626732294199,2239,183,12555,2519269.5,0.0,0.0,True
precision5,bge_m3_hybrid_414,rer_bge_m3_hybrid_513_nemotron_tk1000,0.031314682513186885,0.0,0.03002916888478752,0.032600196141586255,2562,217,12198,2948596.0,0.0,0.0,True
precision5,bge_m3_hybrid_414,rer_bge_m3_hybrid_513_nemotron_tk500,0.031060960138879618,0.0,0.029785902380795603,0.03233601789696363,2530,204,12243,2776542.0,0.0,0.0,True
precision5,bge_m3_hybrid_424,bge_m3_hybrid_513,0.006142752220070775,0.0,0.005176056910340576,0.0071094475298009744,919,459,13599,6558421.5,2.895929346411144e-35,7.819009235310088e-34,True
precision5,bge_m3_hybrid_424,bge_m3_hybrid_513_tk1000,0.006142752220070775,0.0,0.005176056910340576,0.0071094475298009744,919,459,13599,6558421.5,2.895929346411144e-35,7.819009235310088e-34,True
precision5,bge_m3_hybrid_424,bge_m3_hybrid_513_tk500,0.006142752220070775,0.0,0.005176056910340576,0.0071094475298009744,919,459,13599,6558421.5,2.895929346411144e-35,7.819009235310088e-34,True
precision5,bge_m3_hybrid_424,bge_m3_hybrid_514,0.0011617813981438206,0.0,0.0006288610426801766,0.0016947017536074645,251,164,14562,2422280.0,1.9489356101720773e-05,0.00017540420491548697,True
precision5,bge_m3_hybrid_424,reranked_results,0.022434399412432398,0.0,0.021203418436659942,0.023665380388204853,2040,360,12577,4959900.0,1.0027958437193998e-257,3.8106242061337196e-256,True
precision5,bge_m3_hybrid_424,nemotron_topk400,0.03212926487280497,0.0,0.03083587373029541,0.03342265601531453,2617,211,12149,2861898.5,0.0,0.0,True
precision5,bge_m3_hybrid_424,rer_bge_m3_hybrid_513_nemotron,0.029191426854510254,0.0,0.027951188938336206,0.0304316647706843,2375,189,12413,2588449.5,0.0,0.0,True
precision5,bge_m3_hybrid_424,rer_bge_m3_hybrid_513_nemotron_tk1000,0.03305067770581559,0.0,0.03174187954504531,0.034359475866585866,2692,217,12068,2934491.0,0.0,0.0,True
precision5,bge_m3_hybrid_424,rer_bge_m3_hybrid_513_nemotron_tk500,0.032796955331508316,0.0,0.03149781100302053,0.034096099659996104,2661,205,12111,2776622.5,0.0,0.0,True
precision5,bge_m3_hybrid_513,bge_m3_hybrid_513_tk1000,0.0,0.0,0.0,0.0,0,0,14977,0.0,1.0,1.0,False
precision5,bge_m3_hybrid_513,bge_m3_hybrid_513_tk500,0.0,0.0,0.0,0.0,0,0,14977,0.0,1.0,1.0,False
precision5,bge_m3_hybrid_513,bge_m3_hybrid_514,-0.004980970821926955,0.0,-0.0059048419985108305,-0.004057099645343079,441,814,13722,6328350.0,6.350808290784643e-26,1.333669741064775e-24,True
precision5,bge_m3_hybrid_513,reranked_results,0.016291647192361623,0.0,0.015152279173117721,0.017431015211605526,1607,387,12983,5410453.5,2.3857475727605178e-164,8.11154174738576e-163,True
precision5,bge_m3_hybrid_513,nemotron_topk400,0.025986512652734196,0.0,0.024776981167475346,0.027196044137993047,2167,221,12589,3046153.5,0.0,0.0,True
precision5,bge_m3_hybrid_513,rer_bge_m3_hybrid_513_nemotron,0.02304867463443948,0.0,0.02191157333260585,0.024185775936273107,1906,180,12891,2508210.0,0.0,0.0,True
precision5,bge_m3_hybrid_513,rer_bge_m3_hybrid_513_nemotron_tk1000,0.026907925485744808,0.0,0.02567573402209509,0.028140116949394528,2251,236,12490,3241224.0,0.0,0.0,True
precision5,bge_m3_hybrid_513,rer_bge_m3_hybrid_513_nemotron_tk500,0.02665420311143754,0.0,0.025433720114439465,0.027874686108435617,2218,222,12537,3054165.0,0.0,0.0,True
precision5,bge_m3_hybrid_513_tk1000,bge_m3_hybrid_513_tk500,0.0,0.0,0.0,0.0,0,0,14977,0.0,1.0,1.0,False
precision5,bge_m3_hybrid_513_tk1000,bge_m3_hybrid_514,-0.004980970821926955,0.0,-0.0059048419985108305,-0.004057099645343079,441,814,13722,6328350.0,6.350808290784643e-26,1.333669741064775e-24,True
precision5,bge_m3_hybrid_513_tk1000,reranked_results,0.016291647192361623,0.0,0.015152279173117721,0.017431015211605526,1607,387,12983,5410453.5,2.3857475727605178e-164,8.11154174738576e-163,True
precision5,bge_m3_hybrid_513_tk1000,nemotron_topk400,0.025986512652734196,0.0,0.024776981167475346,0.027196044137993047,2167,221,12589,3046153.5,0.0,0.0,True
precision5,bge_m3_hybrid_513_tk1000,rer_bge_m3_hybrid_513_nemotron,0.02304867463443948,0.0,0.02191157333260585,0.024185775936273107,1906,180,12891,2508210.0,0.0,0.0,True
precision5,bge_m3_hybrid_513_tk1000,rer_bge_m3_hybrid_513_nemotron_tk1000,0.026907925485744808,0.0,0.02567573402209509,0.028140116949394528,2251,236,12490,3241224.0,0.0,0.0,True
precision5,bge_m3_hybrid_513_tk1000,rer_bge_m3_hybrid_513_nemotron_tk500,0.02665420311143754,0.0,0.025433720114439465,0.027874686108435617,2218,222,12537,3054165.0,0.0,0.0,True
precision5,bge_m3_hybrid_513_tk500,bge_m3_hybrid_514,-0.004980970821926955,0.0,-0.0059048419985108305,-0.004057099645343079,441,814,13722,6328350.0,6.350808290784643e-26,1.333669741064775e-24,True
precision5,bge_m3_hybrid_513_tk500,reranked_results,0.016291647192361623,0.0,0.015152279173117721,0.017431015211605526,1607,387,12983,5410453.5,2.3857475727605178e-164,8.11154174738576e-163,True
precision5,bge_m3_hybrid_513_tk500,nemotron_topk400,0.025986512652734196,0.0,0.024776981167475346,0.027196044137993047,2167,221,12589,3046153.5,0.0,0.0,True
precision5,bge_m3_hybrid_513_tk500,rer_bge_m3_hybrid_513_nemotron,0.02304867463443948,0.0,0.02191157333260585,0.024185775936273107,1906,180,12891,2508210.0,0.0,0.0,True
precision5,bge_m3_hybrid_513_tk500,rer_bge_m3_hybrid_513_nemotron_tk1000,0.026907925485744808,0.0,0.02567573402209509,0.028140116949394528,2251,236,12490,3241224.0,0.0,0.0,True
precision5,bge_m3_hybrid_513_tk500,rer_bge_m3_hybrid_513_nemotron_tk500,0.02665420311143754,0.0,0.025433720114439465,0.027874686108435617,2218,222,12537,3054165.0,0.0,0.0,True
precision5,bge_m3_hybrid_514,reranked_results,0.021272618014288577,0.0,0.020060140890567905,0.02248509513800925,1954,361,12662,4989020.0,2.2380210504767915e-240,8.280677886764129e-239,True
precision5,bge_m3_hybrid_514,nemotron_topk400,0.030967483474661148,0.0,0.029694800161844396,0.032240166787477896,2521,202,12254,2750432.0,0.0,0.0,True
precision5,bge_m3_hybrid_514,rer_bge_m3_hybrid_513_nemotron,0.02802964545636643,0.0,0.02681398944662702,0.02924530146610584,2275,176,12526,2420352.0,0.0,0.0,True
precision5,bge_m3_hybrid_514,rer_bge_m3_hybrid_513_nemotron_tk1000,0.03188889630767176,0.0,0.030599282109176153,0.03317851050616737,2598,210,12169,2850435.0,0.0,0.0,True
precision5,bge_m3_hybrid_514,rer_bge_m3_hybrid_513_nemotron_tk500,0.03163517393336449,0.0,0.03035541735665749,0.032914930510071494,2567,198,12212,2691810.0,0.0,0.0,True
precision5,reranked_results,nemotron_topk400,0.009694865460372572,0.0,0.008725715203659475,0.01066401571708567,1066,340,13571,4853330.0,1.6236895621218183e-83,4.708699730153273e-82,True
precision5,reranked_results,rer_bge_m3_hybrid_513_nemotron,0.006757027442077853,0.0,0.005904435844704227,0.007609619039451479,792,286,13899,4129411.0,1.3727888394560155e-53,3.8438087504768434e-52,True
precision5,reranked_results,rer_bge_m3_hybrid_513_nemotron_tk1000,0.010616278293383187,0.0,0.009617192306899693,0.011615364279866681,1147,352,13478,5008256.0,1.0775127693835354e-93,3.34028958508896e-92,True
precision5,reranked_results,rer_bge_m3_hybrid_513_nemotron_tk500,0.010362555919075917,0.0,0.009381116292138628,0.011343995546013206,1111,335,13531,4775257.5,1.4513232143958658e-92,4.3539696431875973e-91,True
precision5,nemotron_topk400,rer_bge_m3_hybrid_513_nemotron,-0.0029378380182947185,0.0,-0.003521256024526199,-0.002354420012063238,140,360,14477,2061850.0,7.669610518818861e-23,1.3038337881992063e-21,True
precision5,nemotron_topk400,rer_bge_m3_hybrid_513_nemotron_tk1000,0.0009214128330106164,0.0,0.0005676185018925231,0.0012752071641287097,126,57,14794,848502.0,3.385305473072739e-07,3.7238360203800125e-06,True
precision5,nemotron_topk400,rer_bge_m3_hybrid_513_nemotron_tk500,0.0006676904587033451,0.0,0.0003671416213727662,0.000968239296033924,91,41,14845,611371.5,1.3493733270227875e-05,0.00013493733270227874,True
precision5,rer_bge_m3_hybrid_513_nemotron,rer_bge_m3_hybrid_513_nemotron_tk1000,0.003859250851305335,0.0,0.003198379611230583,0.004520122091380087,466,177,14334,2594112.0,4.325406080896936e-30,9.515893377973259e-29,True
precision5,rer_bge_m3_hybrid_513_nemotron,rer_bge_m3_hybrid_513_nemotron_tk500,0.0036055284769980636,0.0,0.0029954920519579906,0.004215564902038137,409,139,14429,2043786.5,8.909185483232205e-31,2.0491126611434074e-29,True
precision5,rer_bge_m3_hybrid_513_nemotron_tk1000,rer_bge_m3_hybrid_513_nemotron_tk500,-0.00025372237430727117,0.0,-0.0005774757911572021,7.003104254265979e-05,67,86,14824,998367.0,0.12452392086617774,0.8716674460632442,False
precision10,bge_m3_hybrid_315,bge_m3_hybrid_414,-0.001595780196300995,0.0,-0.0020217305615451374,-0.0011698298310568525,412,651,13914,5951752.0,2.293629160889933e-13,2.981717909156913e-12,True
precision10,bge_m3_hybrid_315,bge_m3_hybrid_424,-0.0021366094678507046,0.0,-0.002579896879677067,-0.0016933220560243422,417,737,13823,6005008.5,4.5144495529669016e-21,9.480344061230493e-20,True
precision10,bge_m3_hybrid_315,bge_m3_hybrid_513,0.00012018428256660213,0.0,-5.925883159956831e-05,0.00029962739673277257,103,85,14789,1265097.5,0.18925543169201764,1.0,False
precision10,bge_m3_hybrid_315,bge_m3_hybrid_513_tk1000,0.00012686118715363558,0.0,-5.305741514491979e-05,0.000306779789452191,104,85,14788,1265055.0,0.16695738144421524,1.0,False
precision10,bge_m3_hybrid_315,bge_m3_hybrid_513_tk500,0.00012686118715363558,0.0,-5.305741514491979e-05,0.000306779789452191,104,85,14788,1265055.0,0.16695738144421524,1.0,False
precision10,bge_m3_hybrid_315,bge_m3_hybrid_514,-0.001742672097215731,0.0,-0.0021664585411008755,-0.0013188856533305866,396,657,13924,5722596.0,8.755600710194122e-16,1.4884521207330006e-14,True
precision10,bge_m3_hybrid_315,reranked_results,0.0070775188622554585,0.0,0.006551229056931017,0.0076038086675799,1376,316,13285,4465554.0,1.950028785468108e-146,6.825100749138378e-145,True
precision10,bge_m3_hybrid_315,nemotron_topk400,0.012205381585097149,0.0,0.011632958205627039,0.01277780496456726,1982,154,12841,2142063.0,0.0,0.0,True
precision10,bge_m3_hybrid_315,rer_bge_m3_hybrid_513_nemotron,0.009801695933765108,0.0,0.009282429137931167,0.010320962729599049,1593,125,13259,1764812.5,9.27534596739341e-275,3.895645306305232e-273,True
precision10,bge_m3_hybrid_315,rer_bge_m3_hybrid_513_nemotron_tk1000,0.012792949188756094,0.0,0.012204006184054792,0.013381892193457395,2093,177,12707,2450122.5,0.0,0.0,True
precision10,bge_m3_hybrid_315,rer_bge_m3_hybrid_513_nemotron_tk500,0.012512519196100687,0.0,0.011931389662307546,0.013093648729893829,2040,166,12771,2303167.0,0.0,0.0,True
precision10,bge_m3_hybrid_414,bge_m3_hybrid_424,-0.0005408292715497095,0.0,-0.0008027728137879155,-0.00027888572931150353,160,241,14576,2364320.0,5.2334968698810407e-05,0.0005233496869881041,True
precision10,bge_m3_hybrid_414,bge_m3_hybrid_513,0.0017159644788675972,0.0,0.001290939279123809,0.0021409896786113857,658,401,13918,5793648.0,2.8473946160727387e-15,3.986352462501834e-14,True
precision10,bge_m3_hybrid_414,bge_m3_hybrid_513_tk1000,0.0017226413834546305,0.0,0.0012974216453753254,0.0021478611215339357,659,401,13917,5793447.5,2.292376273794948e-15,3.667802038071917e-14,True
precision10,bge_m3_hybrid_414,bge_m3_hybrid_513_tk500,0.0017226413834546305,0.0,0.0012974216453753254,0.0021478611215339357,659,401,13917,5793447.5,2.292376273794948e-15,3.667802038071917e-14,True
precision10,bge_m3_hybrid_414,bge_m3_hybrid_514,-0.00014689190091473595,0.0,-0.0003028355203819161,9.051718552444208e-06,60,82,14835,894390.0,0.06486331782204678,0.45404322475432746,False
precision10,bge_m3_hybrid_414,reranked_results,0.008673299058556454,0.0,0.008113975714759436,0.009232622402353471,1619,320,13038,4482560.0,2.889186689912821e-191,1.0401072083686157e-189,True
precision10,bge_m3_hybrid_414,nemotron_topk400,0.013801161781398145,0.0,0.013200577166953368,0.014401746395842923,2229,162,12586,2232684.0,0.0,0.0,True
precision10,bge_m3_hybrid_414,rer_bge_m3_hybrid_513_nemotron,0.011397476130066102,0.0,0.010843984999330777,0.011950967260801427,1845,138,12994,1930068.0,0.0,0.0,True
precision10,bge_m3_hybrid_414,rer_bge_m3_hybrid_513_nemotron_tk1000,0.014388729385057088,0.0,0.013773604724202814,0.015003854045911362,2337,182,12458,2496676.0,0.0,0.0,True
precision10,bge_m3_hybrid_414,rer_bge_m3_hybrid_513_nemotron_tk500,0.014108299392401684,0.0,0.013500462543813969,0.014716136240989398,2284,171,12522,2351250.0,0.0,0.0,True
precision10,bge_m3_hybrid_424,bge_m3_hybrid_513,0.002256793750417307,0.0,0.0018098103333885121,0.0027037771674461013,756,418,13803,6015229.0,5.922767467037268e-23,1.3030088427481989e-21,True
precision10,bge_m3_hybrid_424,bge_m3_hybrid_513_tk1000,0.00226347065500434,0.0,0.001816304324091224,0.0027106369859174555,757,418,13802,6015020.0,4.616555352584955e-23,1.1079732846203891e-21,True
precision10,bge_m3_hybrid_424,bge_m3_hybrid_513_tk500,0.00226347065500434,0.0,0.001816304324091224,0.0027106369859174555,757,418,13802,6015020.0,4.616555352584955e-23,1.1079732846203891e-21,True
precision10,bge_m3_hybrid_424,bge_m3_hybrid_514,0.00039393737063497363,0.0,0.0001392195915250099,0.0006486551497449373,219,160,14598,2366080.0,0.0024404698759969774,0.021930613280901085,True
precision10,bge_m3_hybrid_424,reranked_results,0.009214128330106163,0.0,0.008643809615875181,0.009784447044337145,1703,323,12951,4510533.5,1.998943916360698e-206,7.595986882170653e-205,True
precision10,bge_m3_hybrid_424,nemotron_topk400,0.014341991052947855,0.0,0.013731476917228638,0.014952505188667071,2316,168,12493,2307564.0,0.0,0.0,True
precision10,bge_m3_hybrid_424,rer_bge_m3_hybrid_513_nemotron,0.011938305401615812,0.0,0.01137195035748673,0.012504660445744893,1937,149,12891,2076240.5,0.0,0.0,True
precision10,bge_m3_hybrid_424,rer_bge_m3_hybrid_513_nemotron_tk1000,0.0149295586566068,0.0,0.014305414644062379,0.01555370266915122,2422,186,12369,2543271.0,0.0,0.0,True
precision10,bge_m3_hybrid_424,rer_bge_m3_hybrid_513_nemotron_tk500,0.014649128663951393,0.0,0.014032102851343155,0.01526615447655963,2369,175,12433,2398462.5,0.0,0.0,True
precision10,bge_m3_hybrid_513,bge_m3_hybrid_513_tk1000,6.676904587033452e-06,0.0,-6.410645669951433e-06,1.9764454844018338e-05,1,0,14976,0.0,0.31731050786291415,1.0,False
precision10,bge_m3_hybrid_513,bge_m3_hybrid_513_tk500,6.676904587033452e-06,0.0,-6.410645669951433e-06,1.9764454844018338e-05,1,0,14976,0.0,0.31731050786291415,1.0,False
precision10,bge_m3_hybrid_513,bge_m3_hybrid_514,-0.0018628563797823332,0.0,-0.0022877228912763317,-0.0014379898682883344,390,669,13918,5634720.0,1.0041974556276684e-17,1.8075554201298032e-16,True
precision10,bge_m3_hybrid_513,reranked_results,0.006957334579688857,0.0,0.006430959136261521,0.007483710023116192,1366,324,13287,4578930.0,9.729216555904675e-142,3.3079336290075894e-140,True
precision10,bge_m3_hybrid_513,nemotron_topk400,0.012085197302530546,0.0,0.011511522601470947,0.012658872003590145,1975,165,12837,2294737.5,0.0,0.0,True
precision10,bge_m3_hybrid_513,rer_bge_m3_hybrid_513_nemotron,0.009681511651198505,0.0,0.009161008129583627,0.010202015172813383,1586,136,13255,1919844.0,1.6953944913675843e-267,6.951117414607095e-266,True
precision10,bge_m3_hybrid_513,rer_bge_m3_hybrid_513_nemotron_tk1000,0.012672764906189491,0.0,0.012082865217777653,0.013262664594601329,2085,187,12705,2588360.5,0.0,0.0,True
precision10,bge_m3_hybrid_513,rer_bge_m3_hybrid_513_nemotron_tk500,0.012392334913534087,0.0,0.011810250708667543,0.01297441911840063,2032,176,12769,2441736.0,0.0,0.0,True
precision10,bge_m3_hybrid_513_tk1000,bge_m3_hybrid_513_tk500,0.0,0.0,0.0,0.0,0,0,14977,0.0,1.0,1.0,False
precision10,bge_m3_hybrid_513_tk1000,bge_m3_hybrid_514,-0.0018695332843693664,0.0,-0.00229459381486579,-0.0014444727538729428,390,670,13917,5634525.0,7.96247178325734e-18,1.592494356651468e-16,True
precision10,bge_m3_hybrid_513_tk1000,reranked_results,0.006950657675101823,0.0,0.006424096922097485,0.0074772184281061615,1366,325,13286,4592900.0,2.1807606565130905e-141,7.196510166493198e-140,True
precision10,bge_m3_hybrid_513_tk1000,nemotron_topk400,0.012078520397943514,0.0,0.01150495892907909,0.012652081866807937,1974,165,12838,2294820.0,0.0,0.0,True
precision10,bge_m3_hybrid_513_tk1000,rer_bge_m3_hybrid_513_nemotron,0.00967483474661147,0.0,0.009154134863804519,0.010195534629418423,1586,137,13254,1933892.0,5.609562107871804e-267,2.2438248431487216e-265,True
precision10,bge_m3_hybrid_513_tk1000,rer_bge_m3_hybrid_513_nemotron_tk1000,0.012666088001602458,0.0,0.012076296723885386,0.013255879279319531,2084,187,12706,2588454.0,0.0,0.0,True
precision10,bge_m3_hybrid_513_tk1000,rer_bge_m3_hybrid_513_nemotron_tk500,0.012385658008947052,0.0,0.011803684496052808,0.012967631521841296,2031,176,12770,2441824.0,0.0,0.0,True
precision10,bge_m3_hybrid_513_tk500,bge_m3_hybrid_514,-0.0018695332843693664,0.0,-0.00229459381486579,-0.0014444727538729428,390,670,13917,5634525.0,7.96247178325734e-18,1.592494356651468e-16,True
precision10,bge_m3_hybrid_513_tk500,reranked_results,0.006950657675101823,0.0,0.006424096922097485,0.0074772184281061615,1366,325,13286,4592900.0,2.1807606565130905e-141,7.196510166493198e-140,True
precision10,bge_m3_hybrid_513_tk500,nemotron_topk400,0.012078520397943514,0.0,0.01150495892907909,0.012652081866807937,1974,165,12838,2294820.0,0.0,0.0,True
precision10,bge_m3_hybrid_513_tk500,rer_bge_m3_hybrid_513_nemotron,0.00967483474661147,0.0,0.009154134863804519,0.010195534629418423,1586,137,13254,1933892.0,5.609562107871804e-267,2.2438248431487216e-265,True
precision10,bge_m3_hybrid_513_tk500,rer_bge_m3_hybrid_513_nemotron_tk1000,0.012666088001602458,0.0,0.012076296723885386,0.013255879279319531,2084,187,12706,2588454.0,0.0,0.0,True
precision10,bge_m3_hybrid_513_tk500,rer_bge_m3_hybrid_513_nemotron_tk500,0.012385658008947052,0.0,0.011803684496052808,0.012967631521841296,2031,176,12770,2441824.0,0.0,0.0,True
precision10,bge_m3_hybrid_514,reranked_results,0.008820190959471189,0.0,0.00825748584881966,0.009382896070122717,1643,322,13012,4506390.0,3.864643884340905e-195,1.4299182372061349e-193,True
precision10,bge_m3_hybrid_514,nemotron_topk400,0.01394805368231288,0.0,0.013343787513072828,0.014552319851552932,2256,167,12554,2298922.0,0.0,0.0,True
precision10,bge_m3_hybrid_514,rer_bge_m3_hybrid_513_nemotron,0.011544368030980837,0.0,0.010987029057909384,0.01210170700405229,1871,142,12964,1983882.0,0.0,0.0,True
precision10,bge_m3_hybrid_514,rer_bge_m3_hybrid_513_nemotron_tk1000,0.014535621285971825,0.0,0.013916937370217706,0.015154305201725943,2364,187,12426,2562274.0,0.0,0.0,True
precision10,bge_m3_hybrid_514,rer_bge_m3_hybrid_513_nemotron_tk500,0.014255191293316418,0.0,0.013643735481564067,0.01486664710506877,2311,176,12490,2417184.0,0.0,0.0,True
precision10,reranked_results,nemotron_topk400,0.005127862722841691,0.0,0.004660964850488881,0.005594760595194502,1040,272,13665,3895448.0,8.9879270445241e-100,2.606498842911989e-98,True
precision10,reranked_results,rer_bge_m3_hybrid_513_nemotron,0.0027241770715096484,0.0,0.002348279379755039,0.0031000747632642578,622,214,14141,3115733.0,3.250522622251691e-45,8.126306555629228e-44,True
precision10,reranked_results,rer_bge_m3_hybrid_513_nemotron_tk1000,0.005715430326500635,0.0,0.0052248357344792384,0.006206024918522032,1155,299,13523,4260899.5,1.3171313399234962e-111,4.083107153762838e-110,True
precision10,reranked_results,rer_bge_m3_hybrid_513_nemotron_tk500,0.00543500033384523,0.0,0.004959173406154321,0.005910827261536139,1090,276,13611,3945282.0,1.690702989319406e-107,5.072108967958217e-106,True
precision10,nemotron_topk400,rer_bge_m3_hybrid_513_nemotron,-0.0024036856513320426,0.0,-0.002724634143033923,-0.0020827371596301623,125,485,14367,1834062.5,3.993858121771317e-48,1.0384031116605424e-46,True
precision10,nemotron_topk400,rer_bge_m3_hybrid_513_nemotron_tk1000,0.0005875676036589438,0.0,0.00038587541884380495,0.0007892597884740826,163,75,14739,1114387.5,1.1689572902967436e-08,1.4027487483560925e-07,True
precision10,nemotron_topk400,rer_bge_m3_hybrid_513_nemotron_tk500,0.0003071376110035388,0.0,0.00016995782457427302,0.0004443173974328046,78,32,14867,477520.0,1.1549236970298716e-05,0.00012704160667328587,True
precision10,rer_bge_m3_hybrid_513_nemotron,rer_bge_m3_hybrid_513_nemotron_tk1000,0.0029912532549909864,0.0,0.002624649602068795,0.0033578569079131776,623,175,14179,2551237.5,1.2176365424580599e-56,3.409382318882567e-55,True
precision10,rer_bge_m3_hybrid_513_nemotron,rer_bge_m3_hybrid_513_nemotron_tk500,0.0027108232623355814,0.0,0.002375353344499063,0.0030462931801720997,537,131,14309,1918298.5,1.3203910130006023e-55,3.565055735101626e-54,True
precision10,rer_bge_m3_hybrid_513_nemotron_tk1000,rer_bge_m3_hybrid_513_nemotron_tk500,-0.000280429992655405,0.0,-0.0004617268300377143,-9.913315527309565e-05,75,117,14785,1116112.5,0.0024367348089890093,0.021930613280901085,True
f1_1,bge_m3_hybrid_315,bge_m3_hybrid_414,-0.05221339387060159,0.0,-0.05761473677737264,-0.04681205096383054,481,1263,13233,6784745.5,3.0675522094142305e-78,7.05537008165273e-77,True
f1_1,bge_m3_hybrid_315,bge_m3_hybrid_424,-0.06396474594378046,0.0,-0.06963159015249644,-0.05829790173506448,489,1447,13041,6850645.5,4.208306697983219e-105,1.3045750763747978e-103,True
f1_1,bge_m3_hybrid_315,bge_m3_hybrid_513,-0.0010683047339253523,0.0,-0.0030958147886301106,0.0009592053207794059,112,128,14737,1664040.0,0.3016995824783478,1.0,False
f1_1,bge_m3_hybrid_315,bge_m3_hybrid_513_tk1000,-0.0010683047339253523,0.0,-0.0030958147886301106,0.0009592053207794059,112,128,14737,1664040.0,0.3016995824783478,1.0,False
f1_1,bge_m3_hybrid_315,bge_m3_hybrid_513_tk500,-0.0010683047339253523,0.0,-0.0030958147886301106,0.0009592053207794059,112,128,14737,1664040.0,0.3016995824783478,1.0,False
f1_1,bge_m3_hybrid_315,bge_m3_hybrid_514,-0.05561861520998865,0.0,-0.06096176846209249,-0.05027546195788481,440,1273,13264,6213240.0,4.332681658594728e-90,1.1698240478205765e-88,True
f1_1,bge_m3_hybrid_315,reranked_results,0.09861788075048407,0.0,0.09204601492295329,0.10518974657801484,2072,595,12310,8118180.0,6.6814079646854066e-180,2.13805054869933e-178,True
f1_1,bge_m3_hybrid_315,nemotron_topk400,0.13707685117179674,0.0,0.1307085249073484,0.14344517743624507,2351,298,12328,4068594.0,0.0,0.0,True
f1_1,bge_m3_hybrid_315,rer_bge_m3_hybrid_513_nemotron,0.13120117513520732,0.0,0.12495834285684518,0.13744400741356946,2249,284,12444,3893924.0,0.0,0.0,True
f1_1,bge_m3_hybrid_315,rer_bge_m3_hybrid_513_nemotron_tk1000,0.14836081992388328,0.0,0.14167396980867866,0.1550476700390879,2581,359,12037,4849192.5,0.0,0.0,True
f1_1,bge_m3_hybrid_315,rer_bge_m3_hybrid_513_nemotron_tk500,0.14796020564866127,0.0,0.14129416576085388,0.15462624553646867,2569,353,12055,4771324.5,0.0,0.0,True
f1_1,bge_m3_hybrid_414,bge_m3_hybrid_424,-0.011751352073178874,0.0,-0.0152776642836184,-0.008225039862739349,276,452,14249,4033326.0,6.891762699754868e-11,7.580938969730354e-10,True
f1_1,bge_m3_hybrid_414,bge_m3_hybrid_513,0.05114508913667624,0.0,0.04575381872951395,0.056536359543838524,1251,485,13241,6843107.5,1.7455977578481308e-75,3.8403150672658875e-74,True
f1_1,bge_m3_hybrid_414,bge_m3_hybrid_513_tk1000,0.05114508913667624,0.0,0.04575381872951395,0.056536359543838524,1251,485,13241,6843107.5,1.7455977578481308e-75,3.8403150672658875e-74,True
f1_1,bge_m3_hybrid_414,bge_m3_hybrid_513_tk500,0.05114508913667624,0.0,0.04575381872951395,0.056536359543838524,1251,485,13241,6843107.5,1.7455977578481308e-75,3.8403150672658875e-74,True
f1_1,bge_m3_hybrid_414,bge_m3_hybrid_514,-0.00340522133938706,0.0,-0.005393675292384464,-0.0014167673863896553,90,141,14746,1337580.0,0.0007920629332641197,0.0063365034661129575,True
f1_1,bge_m3_hybrid_414,reranked_results,0.15083127462108567,0.0,0.1437610085617406,0.15790154068043075,2759,500,11718,6674000.0,0.0,0.0,True
f1_1,bge_m3_hybrid_414,nemotron_topk400,0.18929024504239833,0.0,0.1822247170561057,0.19635577302869095,3143,308,11526,4081616.0,0.0,0.0,True
f1_1,bge_m3_hybrid_414,rer_bge_m3_hybrid_513_nemotron,0.1834145690058089,0.0,0.1764481687050708,0.19038096930654702,3042,295,11640,3926155.0,0.0,0.0,True
f1_1,bge_m3_hybrid_414,rer_bge_m3_hybrid_513_nemotron_tk1000,0.20057421379448487,0.0,0.1933230967357324,0.20782533085323734,3338,334,11305,4389261.0,0.0,0.0,True
f1_1,bge_m3_hybrid_414,rer_bge_m3_hybrid_513_nemotron_tk500,0.20017359951926286,0.0,0.19294329554652742,0.2074039034919983,3325,327,11325,4300540.5,0.0,0.0,True
f1_1,bge_m3_hybrid_424,bge_m3_hybrid_513,0.06289644120985512,0.0,0.057208432159325626,0.06858445026038461,1445,503,13029,7043760.5,4.5247394041327816e-101,1.3574218212398345e-99,True
f1_1,bge_m3_hybrid_424,bge_m3_hybrid_513_tk1000,0.06289644120985512,0.0,0.057208432159325626,0.06858445026038461,1445,503,13029,7043760.5,4.5247394041327816e-101,1.3574218212398345e-99,True
f1_1,bge_m3_hybrid_424,bge_m3_hybrid_513_tk500,0.06289644120985512,0.0,0.057208432159325626,0.06858445026038461,1445,503,13029,7043760.5,4.5247394041327816e-101,1.3574218212398345e-99,True
f1_1,bge_m3_hybrid_424,bge_m3_hybrid_514,0.008346130733791814,0.0,0.0049232861798714275,0.0117689752877122,405,280,14292,4097800.0,1.7881239299526806e-06,1.6093115369574127e-05,True
f1_1,bge_m3_hybrid_424,reranked_results,0.16258262669426454,0.0,0.15537458922737968,0.1697906641611494,2932,497,11548,6591711.0,0.0,0.0,True
f1_1,bge_m3_hybrid_424,nemotron_topk400,0.20104159711557723,0.0,0.19381391837733097,0.2082692758538235,3333,322,11322,4234300.0,0.0,0.0,True
f1_1,bge_m3_hybrid_424,rer_bge_m3_hybrid_513_nemotron,0.19516592107898778,0.0,0.18803023089394394,0.20230161126403162,3233,310,11434,4093860.0,0.0,0.0,True
f1_1,bge_m3_hybrid_424,rer_bge_m3_hybrid_513_nemotron_tk1000,0.21232556586766374,0.0,0.20497202146930465,0.21967911026602283,3506,326,11145,4258049.0,0.0,0.0,True
f1_1,bge_m3_hybrid_424,rer_bge_m3_hybrid_513_nemotron_tk500,0.21192495159244173,0.0,0.20458242722902148,0.219267475955862,3497,323,11157,4220802.5,0.0,0.0,True
f1_1,bge_m3_hybrid_513,bge_m3_hybrid_513_tk1000,0.0,0.0,0.0,0.0,0,0,14977,0.0,1.0,1.0,False
f1_1,bge_m3_hybrid_513,bge_m3_hybrid_513_tk500,0.0,0.0,0.0,0.0,0,0,14977,0.0,1.0,1.0,False
f1_1,bge_m3_hybrid_513,bge_m3_hybrid_514,-0.0545503104760633,0.0,-0.05988024345466592,-0.04922037749746067,443,1260,13274,6257818.0,3.1160116347084975e-87,8.101630250242094e-86,True
f1_1,bge_m3_hybrid_513,reranked_results,0.09968618548440943,0.0,0.09308982886632242,0.10628254210249644,2091,598,12288,8152534.0,2.7399969734700208e-182,9.589989407145072e-181,True
f1_1,bge_m3_hybrid_513,nemotron_topk400,0.1381451559057221,0.0,0.1317881416363605,0.1445021701750837,2357,288,12332,3932640.0,0.0,0.0,True
f1_1,bge_m3_hybrid_513,rer_bge_m3_hybrid_513_nemotron,0.13226947986913268,0.0,0.126032433712978,0.13850652602528735,2257,276,12444,3784236.0,0.0,0.0,True
f1_1,bge_m3_hybrid_513,rer_bge_m3_hybrid_513_nemotron_tk1000,0.14942912465780864,0.0,0.14271257974783041,0.15614566956778686,2603,365,12009,4925127.5,0.0,0.0,True
f1_1,bge_m3_hybrid_513,rer_bge_m3_hybrid_513_nemotron_tk500,0.14902851038258663,0.0,0.14233010926537895,0.1557269114997943,2592,360,12025,4860540.0,0.0,0.0,True
f1_1,bge_m3_hybrid_513_tk1000,bge_m3_hybrid_513_tk500,0.0,0.0,0.0,0.0,0,0,14977,0.0,1.0,1.0,False
f1_1,bge_m3_hybrid_513_tk1000,bge_m3_hybrid_514,-0.0545503104760633,0.0,-0.05988024345466592,-0.04922037749746067,443,1260,13274,6257818.0,3.1160116347084975e-87,8.101630250242094e-86,True
f1_1,bge_m3_hybrid_513_tk1000,reranked_results,0.09968618548440943,0.0,0.09308982886632242,0.10628254210249644,2091,598,12288,8152534.0,2.7399969734700208e-182,9.589989407145072e-181,True
f1_1,bge_m3_hybrid_513_tk1000,nemotron_topk400,0.1381451559057221,0.0,0.1317881416363605,0.1445021701750837,2357,288,12332,3932640.0,0.0,0.0,True
f1_1,bge_m3_hybrid_513_tk1000,rer_bge_m3_hybrid_513_nemotron,0.13226947986913268,0.0,0.126032433712978,0.13850652602528735,2257,276,12444,3784236.0,0.0,0.0,True
f1_1,bge_m3_hybrid_513_tk1000,rer_bge_m3_hybrid_513_nemotron_tk1000,0.14942912465780864,0.0,0.14271257974783041,0.15614566956778686,2603,365,12009,4925127.5,0.0,0.0,True
f1_1,bge_m3_hybrid_513_tk1000,rer_bge_m3_hybrid_513_nemotron_tk500,0.14902851038258663,0.0,0.14233010926537895,0.1557269114997943,2592,360,12025,4860540.0,0.0,0.0,True
f1_1,bge_m3_hybrid_513_tk500,bge_m3_hybrid_514,-0.0545503104760633,0.0,-0.05988024345466592,-0.04922037749746067,443,1260,13274,6257818.0,3.1160116347084975e-87,8.101630250242094e-86,True
f1_1,bge_m3_hybrid_513_tk500,reranked_results,0.09968618548440943,0.0,0.09308982886632242,0.10628254210249644,2091,598,12288,8152534.0,2.7399969734700208e-182,9.589989407145072e-181,True
f1_1,bge_m3_hybrid_513_tk500,nemotron_topk400,0.1381451559057221,0.0,0.1317881416363605,0.1445021701750837,2357,288,12332,3932640.0,0.0,0.0,True
f1_1,bge_m3_hybrid_513_tk500,rer_bge_m3_hybrid_513_nemotron,0.13226947986913268,0.0,0.126032433712978,0.13850652602528735,2257,276,12444,3784236.0,0.0,0.0,True
f1_1,bge_m3_hybrid_513_tk500,rer_bge_m3_hybrid_513_nemotron_tk1000,0.14942912465780864,0.0,0.14271257974783041,0.15614566956778686,2603,365,12009,4925127.5,0.0,0.0,True
f1_1,bge_m3_hybrid_513_tk500,rer_bge_m3_hybrid_513_nemotron_tk500,0.14902851038258663,0.0,0.14233010926537895,0.1557269114997943,2592,360,12025,4860540.0,0.0,0.0,True
f1_1,bge_m3_hybrid_514,reranked_results,0.15423649596047273,0.0,0.14712583491944653,0.16134715700149893,2809,499,11669,6648426.5,0.0,0.0,True
f1_1,bge_m3_hybrid_514,nemotron_topk400,0.1926954663817854,0.0,0.18561357007207352,0.19977736269149726,3185,299,11493,3957414.5,0.0,0.0,True
f1_1,bge_m3_hybrid_514,rer_bge_m3_hybrid_513_nemotron,0.18681979034519597,0.0,0.17983850753017405,0.19380107316021788,3083,285,11609,3788647.5,0.0,0.0,True
f1_1,bge_m3_hybrid_514,rer_bge_m3_hybrid_513_nemotron_tk1000,0.20397943513387193,0.0,0.19668783704997833,0.21127103321776552,3391,336,11250,4406304.0,0.0,0.0,True
f1_1,bge_m3_hybrid_514,rer_bge_m3_hybrid_513_nemotron_tk500,0.20357882085864992,0.0,0.19630551634173374,0.2108521253755661,3379,330,11268,4330590.0,0.0,0.0,True
f1_1,reranked_results,nemotron_topk400,0.03845897042131268,0.0,0.03253335240622709,0.044384588436398274,1324,748,12905,10428242.0,1.0632949447754037e-36,1.8076014061181864e-35,True
f1_1,reranked_results,rer_bge_m3_hybrid_513_nemotron,0.032583294384723245,0.0,0.026872222005039813,0.03829436676440668,1204,716,13057,10036530.0,8.284021533241638e-29,1.325443445318662e-27,True
f1_1,reranked_results,rer_bge_m3_hybrid_513_nemotron_tk1000,0.04974293917339921,0.0,0.043975394937017596,0.05551048340978083,1362,617,12998,8630596.0,5.969562013071897e-63,1.0745211623529415e-61,True
f1_1,reranked_results,rer_bge_m3_hybrid_513_nemotron_tk500,0.049342324898177206,0.0,0.043624602813408395,0.05506004698294602,1342,603,13032,8445015.0,5.072061424384059e-63,9.636916706329711e-62,True
f1_1,nemotron_topk400,rer_bge_m3_hybrid_513_nemotron,-0.005875676036589437,0.0,-0.008110171270402899,-0.0036411808027759745,102,190,14685,1512813.0,2.607498052896162e-07,2.6074980528961623e-06,True
f1_1,nemotron_topk400,rer_bge_m3_hybrid_513_nemotron_tk1000,0.011283968752086532,0.0,0.008611028094324376,0.013956909409848688,294,125,14558,1846000.0,1.5039580627038932e-16,1.9551454815150613e-15,True
f1_1,nemotron_topk400,rer_bge_m3_hybrid_513_nemotron_tk500,0.010883354476864525,0.0,0.008121739514306356,0.013644969439422694,305,142,14530,2095068.0,1.2617764267142968e-14,1.514131712057156e-13,True
f1_1,rer_bge_m3_hybrid_513_nemotron,rer_bge_m3_hybrid_513_nemotron_tk1000,0.01715964478867597,0.0,0.013755283529492091,0.02056400604785985,469,212,14296,3103044.0,6.97398783242548e-23,9.763582965395672e-22,True
f1_1,rer_bge_m3_hybrid_513_nemotron,rer_bge_m3_hybrid_513_nemotron_tk500,0.01675903051345396,0.0,0.013577832447632006,0.019940228579275916,423,172,14382,2524960.0,7.817899235839269e-25,1.1726848853758904e-23,True
f1_1,rer_bge_m3_hybrid_513_nemotron_tk1000,rer_bge_m3_hybrid_513_nemotron_tk500,-0.00040061427522200706,0.0,-0.0019491925107044967,0.0011479639602604823,67,73,14837,998802.5,0.6120898800892568,1.0,False
mrr5,bge_m3_hybrid_315,bge_m3_hybrid_414,-0.04006699160935657,0.0,-0.04401549288584964,-0.0361184903328635,1170,2241,11566,15303416.0,2.078573998699428e-79,3.7414331976589704e-78,True
mrr5,bge_m3_hybrid_315,bge_m3_hybrid_424,-0.05049631657430282,0.0,-0.05464756391450494,-0.0463450692341007,1129,2472,11376,14625330.0,1.5300294775404406e-116,4.284082537113234e-115,True
mrr5,bge_m3_hybrid_315,bge_m3_hybrid_513,-0.00046960895595468606,0.0,-0.0017175098335477357,0.0007782919216383635,464,473,14040,6728283.0,0.7554239433872298,1.0,False
mrr5,bge_m3_hybrid_315,bge_m3_hybrid_513_tk1000,-0.00046960895595468606,0.0,-0.0017175098335477357,0.0007782919216383635,464,473,14040,6728283.0,0.7554239433872298,1.0,False
mrr5,bge_m3_hybrid_315,bge_m3_hybrid_513_tk500,-0.00046960895595468606,0.0,-0.0017175098335477357,0.0007782919216383635,464,473,14040,6728283.0,0.7554239433872298,1.0,False
mrr5,bge_m3_hybrid_315,bge_m3_hybrid_514,-0.043097193474438585,0.0,-0.047001912753002834,-0.039192474195874336,1112,2274,11591,14536971.5,1.2834569672360475e-93,2.8236053279193046e-92,True
mrr5,bge_m3_hybrid_315,reranked_results,0.0938182991698382,0.0,0.0886157850948422,0.09902081324483421,3103,1039,10835,12981324.5,2.2924328524026318e-238,7.335785127688422e-237,True
mrr5,bge_m3_hybrid_315,nemotron_topk400,0.13650597582960539,0.0,0.13123111633101683,0.14178083532819394,3708,594,10675,7243384.5,0.0,0.0,True
mrr5,bge_m3_hybrid_315,rer_bge_m3_hybrid_513_nemotron,0.12749660590683493,0.0,0.12239157307587382,0.13260163873779604,3467,556,10954,6868768.5,0.0,0.0,True
mrr5,bge_m3_hybrid_315,rer_bge_m3_hybrid_513_nemotron_tk1000,0.14462731744230042,0.0,0.13919036106951083,0.15006427381509002,3931,662,10384,7955464.5,0.0,0.0,True
mrr5,bge_m3_hybrid_315,rer_bge_m3_hybrid_513_nemotron_tk500,0.14384945805791102,0.0,0.13843344358325693,0.1492654725325651,3896,649,10432,7815537.0,0.0,0.0,True
mrr5,bge_m3_hybrid_414,bge_m3_hybrid_424,-0.01042932496494625,0.0,-0.012649831609514894,-0.008208818320377606,739,1140,13098,10351976.0,1.1990923529823047e-20,1.7986385294734572e-19,True
mrr5,bge_m3_hybrid_414,bge_m3_hybrid_513,0.03959738265340189,0.0,0.03567146315518512,0.043523302151618655,2239,1165,11573,15256592.5,1.1597051432133409e-79,2.435380800748016e-78,True
mrr5,bge_m3_hybrid_414,bge_m3_hybrid_513_tk1000,0.03959738265340189,0.0,0.03567146315518512,0.043523302151618655,2239,1165,11573,15256592.5,1.1597051432133409e-79,2.435380800748016e-78,True
mrr5,bge_m3_hybrid_414,bge_m3_hybrid_513_tk500,0.03959738265340189,0.0,0.03567146315518512,0.043523302151618655,2239,1165,11573,15256592.5,1.1597051432133409e-79,2.435380800748016e-78,True
mrr5,bge_m3_hybrid_414,bge_m3_hybrid_514,-0.0030302018650820144,0.0,-0.004209650540802162,-0.0018507531893618666,318,433,14226,4634538.0,2.2309145328549104e-05,0.00020078230795694195,True
mrr5,bge_m3_hybrid_414,reranked_results,0.13388529077919478,0.0,0.12830029922767858,0.139470282330711,3851,961,10165,11400690.5,0.0,0.0,True
mrr5,bge_m3_hybrid_414,nemotron_topk400,0.17657296743896198,0.0,0.17084563537558334,0.1823002995023406,4527,616,9834,7065784.5,0.0,0.0,True
mrr5,bge_m3_hybrid_414,rer_bge_m3_hybrid_513_nemotron,0.1675635975161915,0.0,0.16197353267812364,0.17315366235425933,4289,584,10104,6786824.5,0.0,0.0,True
mrr5,bge_m3_hybrid_414,rer_bge_m3_hybrid_513_nemotron_tk1000,0.18469430905165699,0.0,0.17886372821411733,0.19052488988919664,4720,621,9636,7077619.5,0.0,0.0,True
mrr5,bge_m3_hybrid_414,rer_bge_m3_hybrid_513_nemotron_tk500,0.1839164496672676,0.0,0.17810687228856523,0.18972602704597,4687,608,9682,6939981.0,0.0,0.0,True
mrr5,bge_m3_hybrid_424,bge_m3_hybrid_513,0.05002670761834813,0.0,0.04588274324874388,0.05417067198795238,2488,1134,11355,14695570.5,2.7683618048977744e-117,8.581921595183101e-116,True
mrr5,bge_m3_hybrid_424,bge_m3_hybrid_513_tk1000,0.05002670761834813,0.0,0.04588274324874388,0.05417067198795238,2488,1134,11355,14695570.5,2.7683618048977744e-117,8.581921595183101e-116,True
mrr5,bge_m3_hybrid_424,bge_m3_hybrid_513_tk500,0.05002670761834813,0.0,0.04588274324874388,0.05417067198795238,2488,1134,11355,14695570.5,2.7683618048977744e-117,8.581921595183101e-116,True
mrr5,bge_m3_hybrid_424,bge_m3_hybrid_514,0.007399123099864236,0.0,0.005277071017812618,0.009521175181915854,1044,776,13157,10891335.5,2.0016958491270213e-10,2.6022046038651278e-09,True
mrr5,bge_m3_hybrid_424,reranked_results,0.14431461574414103,0.0,0.13860614817712888,0.1500230833111532,4050,951,9976,11134820.0,0.0,0.0,True
mrr5,bge_m3_hybrid_424,nemotron_topk400,0.18700229240390823,0.0,0.18114232762846877,0.19286225717934768,4736,611,9630,6946249.0,0.0,0.0,True
mrr5,bge_m3_hybrid_424,rer_bge_m3_hybrid_513_nemotron,0.17799292248113777,0.0,0.17226172338769308,0.18372412157458246,4503,585,9889,6730124.5,0.0,0.0,True
mrr5,bge_m3_hybrid_424,rer_bge_m3_hybrid_513_nemotron_tk1000,0.19512363401660324,0.0,0.18918366772917622,0.20106360030403025,4907,606,9464,6831689.5,0.0,0.0,True
mrr5,bge_m3_hybrid_424,rer_bge_m3_hybrid_513_nemotron_tk500,0.19434577463221384,0.0,0.18842452336483242,0.20026702589959525,4873,594,9510,6705074.0,0.0,0.0,True
mrr5,bge_m3_hybrid_513,bge_m3_hybrid_513_tk1000,0.0,0.0,0.0,0.0,0,0,14977,0.0,1.0,1.0,False
mrr5,bge_m3_hybrid_513,bge_m3_hybrid_513_tk500,0.0,0.0,0.0,0.0,0,0,14977,0.0,1.0,1.0,False
mrr5,bge_m3_hybrid_513,bge_m3_hybrid_514,-0.042627584518483905,0.0,-0.046512188430187715,-0.038742980606780095,1096,2265,11616,14359385.0,6.863512525306107e-95,1.7158781313265269e-93,True
mrr5,bge_m3_hybrid_513,reranked_results,0.0942879081257929,0.0,0.08907089449626165,0.09950492175532413,3121,1045,10811,13041236.5,8.092392348551898e-240,2.8323373219931643e-238,True
mrr5,bge_m3_hybrid_513,nemotron_topk400,0.1369755847855601,0.0,0.13170152120773165,0.14224964836338855,3703,581,10693,7084630.0,0.0,0.0,True
mrr5,bge_m3_hybrid_513,rer_bge_m3_hybrid_513_nemotron,0.1279662148627896,0.0,0.12286318277688132,0.1330692469486979,3458,542,10977,6698698.5,0.0,0.0,True
mrr5,bge_m3_hybrid_513,rer_bge_m3_hybrid_513_nemotron_tk1000,0.1450969263982551,0.0,0.13964780221179268,0.15054605058471754,3952,667,10358,8006590.5,0.0,0.0,True
mrr5,bge_m3_hybrid_513,rer_bge_m3_hybrid_513_nemotron_tk500,0.1443190670138657,0.0,0.1388886900089345,0.14974944401879692,3919,662,10396,7951053.0,0.0,0.0,True
mrr5,bge_m3_hybrid_513_tk1000,bge_m3_hybrid_513_tk500,0.0,0.0,0.0,0.0,0,0,14977,0.0,1.0,1.0,False
mrr5,bge_m3_hybrid_513_tk1000,bge_m3_hybrid_514,-0.042627584518483905,0.0,-0.046512188430187715,-0.038742980606780095,1096,2265,11616,14359385.0,6.863512525306107e-95,1.7158781313265269e-93,True
mrr5,bge_m3_hybrid_513_tk1000,reranked_results,0.0942879081257929,0.0,0.08907089449626165,0.09950492175532413,3121,1045,10811,13041236.5,8.092392348551898e-240,2.8323373219931643e-238,True
mrr5,bge_m3_hybrid_513_tk1000,nemotron_topk400,0.1369755847855601,0.0,0.13170152120773165,0.14224964836338855,3703,581,10693,7084630.0,0.0,0.0,True
mrr5,bge_m3_hybrid_513_tk1000,rer_bge_m3_hybrid_513_nemotron,0.1279662148627896,0.0,0.12286318277688132,0.1330692469486979,3458,542,10977,6698698.5,0.0,0.0,True
mrr5,bge_m3_hybrid_513_tk1000,rer_bge_m3_hybrid_513_nemotron_tk1000,0.1450969263982551,0.0,0.13964780221179268,0.15054605058471754,3952,667,10358,8006590.5,0.0,0.0,True
mrr5,bge_m3_hybrid_513_tk1000,rer_bge_m3_hybrid_513_nemotron_tk500,0.1443190670138657,0.0,0.1388886900089345,0.14974944401879692,3919,662,10396,7951053.0,0.0,0.0,True
mrr5,bge_m3_hybrid_513_tk500,bge_m3_hybrid_514,-0.042627584518483905,0.0,-0.046512188430187715,-0.038742980606780095,1096,2265,11616,14359385.0,6.863512525306107e-95,1.7158781313265269e-93,True
mrr5,bge_m3_hybrid_513_tk500,reranked_results,0.0942879081257929,0.0,0.08907089449626165,0.09950492175532413,3121,1045,10811,13041236.5,8.092392348551898e-240,2.8323373219931643e-238,True
mrr5,bge_m3_hybrid_513_tk500,nemotron_topk400,0.1369755847855601,0.0,0.13170152120773165,0.14224964836338855,3703,581,10693,7084630.0,0.0,0.0,True
mrr5,bge_m3_hybrid_513_tk500,rer_bge_m3_hybrid_513_nemotron,0.1279662148627896,0.0,0.12286318277688132,0.1330692469486979,3458,542,10977,6698698.5,0.0,0.0,True
mrr5,bge_m3_hybrid_513_tk500,rer_bge_m3_hybrid_513_nemotron_tk1000,0.1450969263982551,0.0,0.13964780221179268,0.15054605058471754,3952,667,10358,8006590.5,0.0,0.0,True
mrr5,bge_m3_hybrid_513_tk500,rer_bge_m3_hybrid_513_nemotron_tk500,0.1443190670138657,0.0,0.1388886900089345,0.14974944401879692,3919,662,10396,7951053.0,0.0,0.0,True
mrr5,bge_m3_hybrid_514,reranked_results,0.1369154926442768,0.0,0.13128737612856062,0.14254360915999298,3901,964,10112,11383614.0,0.0,0.0,True
mrr5,bge_m3_hybrid_514,nemotron_topk400,0.17960316930404396,0.0,0.17384517474186,0.18536116386622792,4574,594,9809,6810977.0,0.0,0.0,True
mrr5,bge_m3_hybrid_514,rer_bge_m3_hybrid_513_nemotron,0.17059379938127353,0.0,0.16497317319170832,0.17621442557083875,4338,560,10079,6507353.0,0.0,0.0,True
mrr5,bge_m3_hybrid_514,rer_bge_m3_hybrid_513_nemotron_tk1000,0.187724510916739,0.0,0.1818525179044056,0.1935965039290724,4771,616,9590,7002904.0,0.0,0.0,True
mrr5,bge_m3_hybrid_514,rer_bge_m3_hybrid_513_nemotron_tk500,0.1869466515323496,0.0,0.18109470741593886,0.19279859564876034,4738,602,9637,6857646.5,0.0,0.0,True
mrr5,reranked_results,nemotron_topk400,0.0426876766597672,0.0,0.038257776947281996,0.047117576372252404,2246,1161,11570,15319542.5,1.1736502701829179e-78,1.9952054593109605e-77,True
mrr5,reranked_results,rer_bge_m3_hybrid_513_nemotron,0.03367830673699673,0.0,0.02957314249837177,0.037783470975621694,2004,1085,11888,14535742.5,6.338140775126038e-62,1.014102524020166e-60,True
mrr5,reranked_results,rer_bge_m3_hybrid_513_nemotron_tk1000,0.050809018272462224,0.0,0.046404333298901194,0.05521370324602325,2349,1032,11596,13611267.5,1.3633198861423856e-115,3.680963692584441e-114,True
mrr5,reranked_results,rer_bge_m3_hybrid_513_nemotron_tk500,0.05003115888807283,0.0,0.04567935560992765,0.05438296216621801,2312,1007,11658,13316009.5,1.6563902491659929e-115,4.3066146478315815e-114,True
mrr5,nemotron_topk400,rer_bge_m3_hybrid_513_nemotron,-0.00900936992277047,0.0,-0.011012731868438165,-0.007006007977102777,429,438,14110,6189180.5,0.589196102572586,1.0,False
mrr5,nemotron_topk400,rer_bge_m3_hybrid_513_nemotron_tk1000,0.008121341612695022,0.0,0.006417248839699989,0.009825434385690055,404,277,14296,4028796.0,5.715852700946676e-07,5.715852700946676e-06,True
mrr5,nemotron_topk400,rer_bge_m3_hybrid_513_nemotron_tk500,0.0073434822283056245,0.0,0.005704192715306184,0.008982771741305065,460,279,14238,4059391.5,1.5908600595051537e-11,2.2272040833072153e-10,True
mrr5,rer_bge_m3_hybrid_513_nemotron,rer_bge_m3_hybrid_513_nemotron_tk1000,0.01713071153546549,0.0,0.01454293241416426,0.019718490656766723,807,602,13568,8477455.0,3.91003066064103e-09,4.6920367927692355e-08,True
mrr5,rer_bge_m3_hybrid_513_nemotron,rer_bge_m3_hybrid_513_nemotron_tk500,0.016352852151076094,0.0,0.013927793853137908,0.01877791044901428,682,499,13796,7084409.5,1.1522207452205495e-08,1.2674428197426045e-07,True
mrr5,rer_bge_m3_hybrid_513_nemotron_tk1000,rer_bge_m3_hybrid_513_nemotron_tk500,-0.0007778593843893972,0.0,-0.0018359924966516866,0.0002802737278728923,263,203,14511,3000017.5,0.0062175885870409675,0.04974070869632774,True
ap,bge_m3_hybrid_315,bge_m3_hybrid_414,-0.03906242227487402,0.0,-0.0427866379579475,-0.035338206591800536,2352,3634,8991,27391760.0,3.1943068920631884e-73,3.833168270475826e-72,True
ap,bge_m3_hybrid_315,bge_m3_hybrid_424,-0.04913818832985462,0.0,-0.05305680173614072,-0.045219574923568526,2253,3919,8805,25875319.5,3.447426687427491e-116,6.894853374854982e-115,True
ap,bge_m3_hybrid_315,bge_m3_hybrid_513,-0.0004176291316395798,0.0,-0.0015939100881701572,0.0007586518248909977,1798,1432,11747,19234391.5,7.117991322895604e-10,2.8471965291582415e-09,True
ap,bge_m3_hybrid_315,bge_m3_hybrid_513_tk1000,3.1844594467712275e-05,0.0,-0.0011449860560192608,0.0012086752449546854,3250,1434,10293,18742503.5,2.1058234198620883e-137,4.632811523696594e-136,True
ap,bge_m3_hybrid_315,bge_m3_hybrid_513_tk500,-4.675893418419101e-06,0.0,-0.0011815004184499316,0.0011721486316130935,2881,1434,10662,18798092.5,2.048748509691368e-97,3.6877473174444625e-96,True
ap,bge_m3_hybrid_315,bge_m3_hybrid_514,-0.041897642076154436,0.0,-0.04558269370801035,-0.03821259044429852,2294,3688,8995,26634203.5,3.051481459191597e-86,4.8823703347065555e-85,True
ap,bge_m3_hybrid_315,reranked_results,0.08998358046580242,0.0,0.08506445936970139,0.09490270156190345,3893,1470,9614,17348127.0,8.577216366170224e-260,3.0020257281595785e-258,True
ap,bge_m3_hybrid_315,nemotron_topk400,0.13312748549696296,0.0,0.12813264347106634,0.13812232752285958,4986,930,9061,10463646.5,0.0,0.0,True
ap,bge_m3_hybrid_315,rer_bge_m3_hybrid_513_nemotron,0.12166731054350688,0.0,0.11685214075314786,0.12648248033386592,4128,820,10029,9596442.0,0.0,0.0,True
ap,bge_m3_hybrid_315,rer_bge_m3_hybrid_513_nemotron_tk1000,0.1418631684810434,0.0,0.13670407738783985,0.14702225957424697,5599,1037,8341,11389242.0,0.0,0.0,True
ap,bge_m3_hybrid_315,rer_bge_m3_hybrid_513_nemotron_tk500,0.1403988783320018,0.0,0.13525986163160894,0.14553789503239464,5257,1002,8718,11111425.5,0.0,0.0,True
ap,bge_m3_hybrid_414,bge_m3_hybrid_424,-0.0100757660549806,0.0,-0.012197028192320212,-0.007954503917640987,1885,2672,10420,23757778.5,3.0102826058676694e-33,2.4082260846941356e-32,True
ap,bge_m3_hybrid_414,bge_m3_hybrid_513,0.03864479314323445,0.0,0.03494099280662838,0.04234859347984052,3675,2315,8987,27005600.0,3.707684192170843e-80,5.561526288256264e-79,True
ap,bge_m3_hybrid_414,bge_m3_hybrid_513_tk1000,0.03909426686934173,0.0,0.03539179717048702,0.04279673656819644,4877,2313,7787,26764081.5,3.912435198727245e-183,1.0172331516690838e-181,True
ap,bge_m3_hybrid_414,bge_m3_hybrid_513_tk500,0.03905774638145561,0.0,0.03535517283874609,0.042760319924165124,4528,2313,8136,26781446.0,2.178042161001457e-152,5.2273011864034964e-151,True
ap,bge_m3_hybrid_414,bge_m3_hybrid_514,-0.0028352198012804083,0.0,-0.0039566207039327325,-0.0017138188986280843,1502,1472,12003,20003965.0,0.8783684312967666,0.8783684312967666,False
ap,bge_m3_hybrid_414,reranked_results,0.12904600274067643,0.0,0.12374085673403001,0.13435114874732285,4699,1632,8646,17610754.0,0.0,0.0,True
ap,bge_m3_hybrid_414,nemotron_topk400,0.172189907771837,0.0,0.1667438034877252,0.17763601205594878,5796,1019,8162,10568464.0,0.0,0.0,True
ap,bge_m3_hybrid_414,rer_bge_m3_hybrid_513_nemotron,0.1607297328183809,0.0,0.15541713276452881,0.166042332872233,4987,1083,8907,11447739.5,0.0,0.0,True
ap,bge_m3_hybrid_414,rer_bge_m3_hybrid_513_nemotron_tk1000,0.1809255907559174,0.0,0.17537963075976676,0.18647155075206806,6376,1035,7566,10538539.0,0.0,0.0,True
ap,bge_m3_hybrid_414,rer_bge_m3_hybrid_513_nemotron_tk500,0.17946130060687582,0.0,0.173933363500861,0.18498923771289064,6039,1009,7929,10363835.0,0.0,0.0,True
ap,bge_m3_hybrid_424,bge_m3_hybrid_513,0.048720559198215045,0.0,0.04480466531145953,0.05263645308497056,3981,2225,8771,25583184.5,2.455809700063146e-125,5.1572003701326075e-124,True
ap,bge_m3_hybrid_424,bge_m3_hybrid_513_tk1000,0.049170032924322336,0.0,0.04525573161680066,0.05308433423184401,5193,2225,7559,25380639.5,3.709129838839835e-242,1.2240128468171456e-240,True
ap,bge_m3_hybrid_424,bge_m3_hybrid_513_tk500,0.049133512436436204,0.0,0.04521908738152351,0.053047937491348895,4844,2225,7908,25395811.5,2.5997341429452674e-208,8.059175843130329e-207,True
ap,bge_m3_hybrid_424,bge_m3_hybrid_514,0.007240546253700191,0.0,0.005211534312685894,0.009269558194714488,2583,1941,10453,24584137.5,2.479509455701308e-22,1.7356566189909155e-21,True
ap,bge_m3_hybrid_424,reranked_results,0.13912176879565705,0.0,0.13369872969179195,0.14454480789952215,4905,1594,8478,16963394.5,0.0,0.0,True
ap,bge_m3_hybrid_424,nemotron_topk400,0.1822656738268176,0.0,0.17669446642620446,0.18783688122743075,6018,998,7961,10235237.0,0.0,0.0,True
ap,bge_m3_hybrid_424,rer_bge_m3_hybrid_513_nemotron,0.17080549887336152,0.0,0.16535744294147112,0.17625355480525193,5192,1066,8719,11122276.0,0.0,0.0,True
ap,bge_m3_hybrid_424,rer_bge_m3_hybrid_513_nemotron_tk1000,0.19100135681089803,0.0,0.18535305207203162,0.19664966154976443,6566,1008,7403,10115959.0,0.0,0.0,True
ap,bge_m3_hybrid_424,rer_bge_m3_hybrid_513_nemotron_tk500,0.1895370666618564,0.0,0.1839041809618435,0.19516995236186932,6230,981,7766,9945876.5,0.0,0.0,True
ap,bge_m3_hybrid_513,bge_m3_hybrid_513_tk1000,0.00044947372610729206,0.0,0.0004135611094740656,0.0004853863427405185,1480,70,13427,942375.0,1.6309159292605014e-283,6.034388938263855e-282,True
ap,bge_m3_hybrid_513,bge_m3_hybrid_513_tk500,0.0004129532382211607,0.0,0.0003771325094686607,0.0004487739669736607,1111,70,13796,968205.0,1.5953463396178678e-203,4.626504384891816e-202,True
ap,bge_m3_hybrid_513,bge_m3_hybrid_514,-0.04148001294451485,0.0,-0.045143748789015115,-0.03781627710001459,2247,3728,9002,26142922.0,6.333452865932012e-95,1.076686987208442e-93,True
ap,bge_m3_hybrid_513,reranked_results,0.090401209597442,0.0,0.08547378623831246,0.09532863295657153,3899,1459,9619,17238852.0,9.277034176227794e-263,3.339732303442006e-261,True
ap,bge_m3_hybrid_513,nemotron_topk400,0.13354511462860252,0.0,0.12855264791570528,0.13853758134149977,4973,922,9082,10371296.0,0.0,0.0,True
ap,bge_m3_hybrid_513,rer_bge_m3_hybrid_513_nemotron,0.12208493967514647,0.0,0.11727091490475575,0.1268989644455372,4105,793,10079,9307607.5,0.0,0.0,True
ap,bge_m3_hybrid_513,rer_bge_m3_hybrid_513_nemotron_tk1000,0.142280797612683,0.0,0.1371106404609522,0.1474509547644138,5608,1046,8323,11484459.0,0.0,0.0,True
ap,bge_m3_hybrid_513,rer_bge_m3_hybrid_513_nemotron_tk500,0.14081650746364138,0.0,0.1356637158969042,0.14596929903037856,5263,1022,8692,11311473.0,0.0,0.0,True
ap,bge_m3_hybrid_513_tk1000,bge_m3_hybrid_513_tk500,-3.652048788613137e-05,0.0,-4.030924354893765e-05,-3.273173222332509e-05,34,369,14574,496111.0,8.015375719844344e-63,8.816913291828778e-62,True
ap,bge_m3_hybrid_513_tk1000,bge_m3_hybrid_514,-0.04192948667062214,0.0,-0.045591783526256445,-0.03826718981498784,2248,4927,7802,25931603.0,1.1528090303247722e-203,3.4584270909743167e-202,True
ap,bge_m3_hybrid_513_tk1000,reranked_results,0.0899517358713347,0.0,0.08502204723830685,0.09488142450436256,3899,2939,8139,30445727.0,3.7510277757907123e-78,5.251438886106997e-77,True
ap,bge_m3_hybrid_513_tk1000,nemotron_topk400,0.13309564090249523,0.0,0.12810628888615835,0.1380849929188321,4946,1458,8573,15155615.0,0.0,0.0,True
ap,bge_m3_hybrid_513_tk1000,rer_bge_m3_hybrid_513_nemotron,0.12163546594903916,0.0,0.11681835808046982,0.12645257381760852,4105,2273,8599,23173529.0,3.0961225258906266e-201,8.669143072493754e-200,True
ap,bge_m3_hybrid_513_tk1000,rer_bge_m3_hybrid_513_nemotron_tk1000,0.14183132388657568,0.0,0.13666426579246152,0.14699838198068985,5528,1126,8323,12194681.0,0.0,0.0,True
ap,bge_m3_hybrid_513_tk1000,rer_bge_m3_hybrid_513_nemotron_tk500,0.1403670337375341,0.0,0.13521727778543455,0.14551678968963364,5224,1429,8324,14825332.0,0.0,0.0,True
ap,bge_m3_hybrid_513_tk500,bge_m3_hybrid_514,-0.04189296618273602,0.0,-0.04555537561840622,-0.03823055674706582,2248,4579,8150,25948006.5,2.001637056329071e-171,5.004092640822677e-170,True
ap,bge_m3_hybrid_513_tk500,reranked_results,0.08998825635922084,0.0,0.0850587402130706,0.09491777250537108,3899,2570,8508,27370029.0,3.822035087651403e-109,7.261866666537666e-108,True
ap,bge_m3_hybrid_513_tk500,nemotron_topk400,0.13313216139038136,0.0,0.12814306093314912,0.1381212618476136,4946,1089,8942,11908575.0,0.0,0.0,True
ap,bge_m3_hybrid_513_tk500,rer_bge_m3_hybrid_513_nemotron,0.12167198643692531,0.0,0.11685511671424553,0.1264888561596051,4105,1904,8968,19930076.0,1.4831398820006206e-256,5.042675598802111e-255,True
ap,bge_m3_hybrid_513_tk500,rer_bge_m3_hybrid_513_nemotron_tk1000,0.14186784437446182,0.0,0.1367007870214623,0.14703490172746134,5537,1117,8323,12113258.0,0.0,0.0,True
ap,bge_m3_hybrid_513_tk500,rer_bge_m3_hybrid_513_nemotron_tk500,0.1404035542254202,0.0,0.13525405531188592,0.14555305313895447,5224,1060,8693,11670841.0,0.0,0.0,True
ap,bge_m3_hybrid_514,reranked_results,0.13188122254195686,0.0,0.12653423254361787,0.13722821254029585,4734,1645,8598,17648942.5,0.0,0.0,True
ap,bge_m3_hybrid_514,nemotron_topk400,0.1750251275731174,0.0,0.16955214590334033,0.18049810924289444,5836,1015,8126,10466690.0,0.0,0.0,True
ap,bge_m3_hybrid_514,rer_bge_m3_hybrid_513_nemotron,0.1635649526196613,0.0,0.1582250743751128,0.16890483086420982,5020,1076,8881,11313286.5,0.0,0.0,True
ap,bge_m3_hybrid_514,rer_bge_m3_hybrid_513_nemotron_tk1000,0.1837608105571978,0.0,0.17817817600549068,0.18934344510890494,6418,1045,7514,10577623.0,0.0,0.0,True
ap,bge_m3_hybrid_514,rer_bge_m3_hybrid_513_nemotron_tk500,0.18229652040815625,0.0,0.1767309686553979,0.1878620721609146,6081,1021,7875,10424002.0,0.0,0.0,True
ap,reranked_results,nemotron_topk400,0.04314390503116054,0.0,0.038907109583494255,0.04738070047882683,3344,1549,10084,19458098.0,2.9651840169692796e-142,6.819923239029343e-141,True
ap,reranked_results,rer_bge_m3_hybrid_513_nemotron,0.03168373007770447,0.0,0.02779555771548226,0.035571902439926674,2509,1363,11105,17732340.5,4.5790503028091747e-76,5.952765393651927e-75,True
ap,reranked_results,rer_bge_m3_hybrid_513_nemotron_tk1000,0.051879588015240986,0.0,0.04766330862865141,0.05609586740183056,3838,1454,9685,18054781.0,3.6727435961590273e-228,1.1752779507708887e-226,True
ap,reranked_results,rer_bge_m3_hybrid_513_nemotron_tk500,0.05041529786619939,0.0,0.04625541568455716,0.054575180047841614,3494,1402,10081,17550919.5,1.9451275419787055e-194,5.251844363342505e-193,True
ap,nemotron_topk400,rer_bge_m3_hybrid_513_nemotron,-0.011460174953456075,0.0,-0.013445213441895598,-0.009475136465016552,1230,1103,12644,15465655.0,0.053468499311544904,0.10693699862308981,False
ap,nemotron_topk400,rer_bge_m3_hybrid_513_nemotron_tk1000,0.008735682984080442,0.0,0.0070537890518194086,0.010417576916341474,817,1454,12706,11632468.5,3.701082316482824e-35,3.330974084834542e-34,True
ap,nemotron_topk400,rer_bge_m3_hybrid_513_nemotron_tk500,0.007271392835038843,0.0,0.005662815064213134,0.008879970605864554,815,1214,12948,11619607.0,6.043448450780069e-16,3.0217242253900347e-15,True
ap,rer_bge_m3_hybrid_513_nemotron,rer_bge_m3_hybrid_513_nemotron_tk1000,0.020195857937536515,0.0,0.017640352987676845,0.022751362887396185,1882,1438,11657,18904271.0,8.347046379019964e-17,5.008227827411979e-16,True
ap,rer_bge_m3_hybrid_513_nemotron,rer_bge_m3_hybrid_513_nemotron_tk500,0.018731567788494916,0.0,0.01633224495732937,0.02113089061966046,1403,1327,12247,17712998.5,0.01481357195319139,0.04444071585957417,True
ap,rer_bge_m3_hybrid_513_nemotron_tk1000,rer_bge_m3_hybrid_513_nemotron_tk500,-0.0014642901490415985,0.0,-0.002501695442111349,-0.0004268848559718483,1469,710,12798,10039322.5,1.718227936787751e-55,1.718227936787751e-54,True
ndcg5,bge_m3_hybrid_315,bge_m3_hybrid_414,-0.035212047842706325,0.0,-0.038940575958750445,-0.031483519726662204,1170,2241,11566,15426714.0,8.141084687609683e-77,1.383984396893646e-75,True
ndcg5,bge_m3_hybrid_315,bge_m3_hybrid_424,-0.04519612734862763,0.0,-0.049114492430136845,-0.04127776226711841,1129,2472,11376,14757722.0,3.216348864994339e-113,8.36250704898528e-112,True
ndcg5,bge_m3_hybrid_315,bge_m3_hybrid_513,-3.468214812130679e-05,0.0,-0.0012288113956145158,0.0011594470993719023,464,473,14040,6733511.0,0.7733799276627887,1.0,False
ndcg5,bge_m3_hybrid_315,bge_m3_hybrid_513_tk1000,-3.468214812130679e-05,0.0,-0.0012288113956145158,0.0011594470993719023,464,473,14040,6733511.0,0.7733799276627887,1.0,False
ndcg5,bge_m3_hybrid_315,bge_m3_hybrid_513_tk500,-3.468214812130679e-05,0.0,-0.0012288113956145158,0.0011594470993719023,464,473,14040,6733511.0,0.7733799276627887,1.0,False
ndcg5,bge_m3_hybrid_315,bge_m3_hybrid_514,-0.03819478860921534,0.0,-0.04188479596458302,-0.034504781253847656,1112,2274,11591,14663365.0,1.0191548256809496e-90,2.242140616498089e-89,True
ndcg5,bge_m3_hybrid_315,reranked_results,0.09111955205816202,0.0,0.08613681490456776,0.09610228921175629,3103,1039,10835,12920329.0,2.016696198392077e-240,6.453427834854646e-239,True
ndcg5,bge_m3_hybrid_315,nemotron_topk400,0.13528442065381668,0.0,0.13013191676609648,0.1404369245415369,3708,594,10675,7178070.5,0.0,0.0,True
ndcg5,bge_m3_hybrid_315,rer_bge_m3_hybrid_513_nemotron,0.12487082245527135,0.0,0.11992634542333139,0.12981529948721132,3467,556,10954,6812978.5,0.0,0.0,True
ndcg5,bge_m3_hybrid_315,rer_bge_m3_hybrid_513_nemotron_tk1000,0.1424860008962262,0.0,0.13720506511368769,0.14776693667876473,3931,662,10384,7865105.5,0.0,0.0,True
ndcg5,bge_m3_hybrid_315,rer_bge_m3_hybrid_513_nemotron_tk500,0.14158782751931473,0.0,0.13633480897389547,0.146840846064734,3896,649,10432,7723445.0,0.0,0.0,True
ndcg5,bge_m3_hybrid_414,bge_m3_hybrid_424,-0.00998407950592131,0.0,-0.012004075459565416,-0.007964083552277203,739,1140,13098,10341047.5,8.547805443357644e-21,1.2821708165036468e-19,True
ndcg5,bge_m3_hybrid_414,bge_m3_hybrid_513,0.03517736569458501,0.0,0.03147517741950474,0.038879553969665276,2239,1165,11573,15359608.5,1.7337435575947377e-77,3.4674871151894755e-76,True
ndcg5,bge_m3_hybrid_414,bge_m3_hybrid_513_tk1000,0.03517736569458501,0.0,0.03147517741950474,0.038879553969665276,2239,1165,11573,15359608.5,1.7337435575947377e-77,3.4674871151894755e-76,True
ndcg5,bge_m3_hybrid_414,bge_m3_hybrid_513_tk500,0.03517736569458501,0.0,0.03147517741950474,0.038879553969665276,2239,1165,11573,15359608.5,1.7337435575947377e-77,3.4674871151894755e-76,True
ndcg5,bge_m3_hybrid_414,bge_m3_hybrid_514,-0.002982740766509014,0.0,-0.004077433353694021,-0.001888048179324007,318,433,14226,4634469.5,2.227522194421694e-05,0.00020047699749795248,True
ndcg5,bge_m3_hybrid_414,reranked_results,0.1263315999008683,0.0,0.12100129534725937,0.13166190445447726,3851,961,10165,11439321.5,0.0,0.0,True
ndcg5,bge_m3_hybrid_414,nemotron_topk400,0.17049646849652303,0.0,0.16496872857680503,0.17602420841624103,4527,616,9834,7034190.5,0.0,0.0,True
ndcg5,bge_m3_hybrid_414,rer_bge_m3_hybrid_513_nemotron,0.1600828702979777,0.0,0.154724068313435,0.16544167228252038,4289,584,10104,6767765.5,0.0,0.0,True
ndcg5,bge_m3_hybrid_414,rer_bge_m3_hybrid_513_nemotron_tk1000,0.17769804873893252,0.0,0.17208206103880058,0.18331403643906446,4720,621,9636,7044627.0,0.0,0.0,True
ndcg5,bge_m3_hybrid_414,rer_bge_m3_hybrid_513_nemotron_tk500,0.17679987536202108,0.0,0.171210964456083,0.18238878626795915,4687,608,9682,6903233.5,0.0,0.0,True
ndcg5,bge_m3_hybrid_424,bge_m3_hybrid_513,0.04516144520050633,0.0,0.04125887395690862,0.04906401644410403,2488,1134,11355,14798575.0,1.0882539265653726e-114,3.155936387039581e-113,True
ndcg5,bge_m3_hybrid_424,bge_m3_hybrid_513_tk1000,0.04516144520050633,0.0,0.04125887395690862,0.04906401644410403,2488,1134,11355,14798575.0,1.0882539265653726e-114,3.155936387039581e-113,True
ndcg5,bge_m3_hybrid_424,bge_m3_hybrid_513_tk500,0.04516144520050633,0.0,0.04125887395690862,0.04906401644410403,2488,1134,11355,14798575.0,1.0882539265653726e-114,3.155936387039581e-113,True
ndcg5,bge_m3_hybrid_424,bge_m3_hybrid_514,0.007001338739412297,0.0,0.005077890740709967,0.008924786738114627,1044,776,13157,10882570.0,1.6547832819779724e-10,2.151218266571364e-09,True
ndcg5,bge_m3_hybrid_424,reranked_results,0.13631567940678965,0.0,0.1308587351580996,0.1417726236554797,4050,951,9976,11183275.5,0.0,0.0,True
ndcg5,bge_m3_hybrid_424,nemotron_topk400,0.18048054800244434,0.0,0.17482498678565234,0.18613610921923635,4736,611,9630,6916898.5,0.0,0.0,True
ndcg5,bge_m3_hybrid_424,rer_bge_m3_hybrid_513_nemotron,0.170066949803899,0.0,0.1645690320436857,0.1755648675641123,4503,585,9889,6718834.5,0.0,0.0,True
ndcg5,bge_m3_hybrid_424,rer_bge_m3_hybrid_513_nemotron_tk1000,0.18768212824485386,0.0,0.1819541386717119,0.19341011781799583,4907,606,9464,6814787.0,0.0,0.0,True
ndcg5,bge_m3_hybrid_424,rer_bge_m3_hybrid_513_nemotron_tk500,0.1867839548679424,0.0,0.1810809223566072,0.19248698737927758,4873,594,9510,6678787.0,0.0,0.0,True
ndcg5,bge_m3_hybrid_513,bge_m3_hybrid_513_tk1000,0.0,0.0,0.0,0.0,0,0,14977,0.0,1.0,1.0,False
ndcg5,bge_m3_hybrid_513,bge_m3_hybrid_513_tk500,0.0,0.0,0.0,0.0,0,0,14977,0.0,1.0,1.0,False
ndcg5,bge_m3_hybrid_513,bge_m3_hybrid_514,-0.03816010646109403,0.0,-0.04182917989966364,-0.03449103302252442,1096,2265,11616,14463614.0,1.7996798371737738e-92,4.4991995929344345e-91,True
ndcg5,bge_m3_hybrid_513,reranked_results,0.09115423420628332,0.0,0.08615861496597477,0.09614985344659188,3121,1045,10811,12995776.5,2.4373706366689445e-241,8.530797228341306e-240,True
ndcg5,bge_m3_hybrid_513,nemotron_topk400,0.135319102801938,0.0,0.13016779459784494,0.14047041100603108,3703,581,10693,7034755.0,0.0,0.0,True
ndcg5,bge_m3_hybrid_513,rer_bge_m3_hybrid_513_nemotron,0.12490550460339266,0.0,0.11996775946338839,0.12984324974339692,3458,542,10977,6654684.0,0.0,0.0,True
ndcg5,bge_m3_hybrid_513,rer_bge_m3_hybrid_513_nemotron_tk1000,0.1425206830443475,0.0,0.1372322604623001,0.1478091056263949,3952,667,10358,7923761.0,0.0,0.0,True
ndcg5,bge_m3_hybrid_513,rer_bge_m3_hybrid_513_nemotron_tk500,0.14162250966743606,0.0,0.13636106974089782,0.1468839495939743,3919,662,10396,7866971.5,0.0,0.0,True
ndcg5,bge_m3_hybrid_513_tk1000,bge_m3_hybrid_513_tk500,0.0,0.0,0.0,0.0,0,0,14977,0.0,1.0,1.0,False
ndcg5,bge_m3_hybrid_513_tk1000,bge_m3_hybrid_514,-0.03816010646109403,0.0,-0.04182917989966364,-0.03449103302252442,1096,2265,11616,14463614.0,1.7996798371737738e-92,4.4991995929344345e-91,True
ndcg5,bge_m3_hybrid_513_tk1000,reranked_results,0.09115423420628332,0.0,0.08615861496597477,0.09614985344659188,3121,1045,10811,12995776.5,2.4373706366689445e-241,8.530797228341306e-240,True
ndcg5,bge_m3_hybrid_513_tk1000,nemotron_topk400,0.135319102801938,0.0,0.13016779459784494,0.14047041100603108,3703,581,10693,7034755.0,0.0,0.0,True
ndcg5,bge_m3_hybrid_513_tk1000,rer_bge_m3_hybrid_513_nemotron,0.12490550460339266,0.0,0.11996775946338839,0.12984324974339692,3458,542,10977,6654684.0,0.0,0.0,True
ndcg5,bge_m3_hybrid_513_tk1000,rer_bge_m3_hybrid_513_nemotron_tk1000,0.1425206830443475,0.0,0.1372322604623001,0.1478091056263949,3952,667,10358,7923761.0,0.0,0.0,True
ndcg5,bge_m3_hybrid_513_tk1000,rer_bge_m3_hybrid_513_nemotron_tk500,0.14162250966743606,0.0,0.13636106974089782,0.1468839495939743,3919,662,10396,7866971.5,0.0,0.0,True
ndcg5,bge_m3_hybrid_513_tk500,bge_m3_hybrid_514,-0.03816010646109403,0.0,-0.04182917989966364,-0.03449103302252442,1096,2265,11616,14463614.0,1.7996798371737738e-92,4.4991995929344345e-91,True
ndcg5,bge_m3_hybrid_513_tk500,reranked_results,0.09115423420628332,0.0,0.08615861496597477,0.09614985344659188,3121,1045,10811,12995776.5,2.4373706366689445e-241,8.530797228341306e-240,True
ndcg5,bge_m3_hybrid_513_tk500,nemotron_topk400,0.135319102801938,0.0,0.13016779459784494,0.14047041100603108,3703,581,10693,7034755.0,0.0,0.0,True
ndcg5,bge_m3_hybrid_513_tk500,rer_bge_m3_hybrid_513_nemotron,0.12490550460339266,0.0,0.11996775946338839,0.12984324974339692,3458,542,10977,6654684.0,0.0,0.0,True
ndcg5,bge_m3_hybrid_513_tk500,rer_bge_m3_hybrid_513_nemotron_tk1000,0.1425206830443475,0.0,0.1372322604623001,0.1478091056263949,3952,667,10358,7923761.0,0.0,0.0,True
ndcg5,bge_m3_hybrid_513_tk500,rer_bge_m3_hybrid_513_nemotron_tk500,0.14162250966743606,0.0,0.13636106974089782,0.1468839495939743,3919,662,10396,7866971.5,0.0,0.0,True
ndcg5,bge_m3_hybrid_514,reranked_results,0.12931434066737735,0.0,0.12393979852280017,0.1346888828119545,3901,964,10112,11421363.0,0.0,0.0,True
ndcg5,bge_m3_hybrid_514,nemotron_topk400,0.17347920926303204,0.0,0.1679174165646815,0.17904100196138256,4574,594,9809,6780248.5,0.0,0.0,True
ndcg5,bge_m3_hybrid_514,rer_bge_m3_hybrid_513_nemotron,0.16306561106448672,0.0,0.15767157003354593,0.16845965209542751,4338,560,10079,6488923.5,0.0,0.0,True
ndcg5,bge_m3_hybrid_514,rer_bge_m3_hybrid_513_nemotron_tk1000,0.18068078950544153,0.0,0.17502283284304004,0.18633874616784302,4771,616,9590,6962051.5,0.0,0.0,True
ndcg5,bge_m3_hybrid_514,rer_bge_m3_hybrid_513_nemotron_tk500,0.17978261612853008,0.0,0.1741505120164007,0.18541472024065947,4738,602,9637,6814087.0,0.0,0.0,True
ndcg5,reranked_results,nemotron_topk400,0.04416486859565469,0.0,0.03997922653730389,0.04835051065400549,2246,1161,11570,15159113.0,4.640644738870725e-82,9.745353951628523e-81,True
ndcg5,reranked_results,rer_bge_m3_hybrid_513_nemotron,0.03375127039710935,0.0,0.029962985909353337,0.03753955488486537,2004,1085,11888,14424427.5,4.328977060043814e-64,6.926363296070103e-63,True
ndcg5,reranked_results,rer_bge_m3_hybrid_513_nemotron_tk1000,0.051366448838064196,0.0,0.047153243144456417,0.055579654531671976,2349,1032,11596,13508331.0,3.11880984129592e-118,9.668310508017352e-117,True
ndcg5,reranked_results,rer_bge_m3_hybrid_513_nemotron_tk500,0.05046827546115273,0.0,0.04631541234779875,0.054621138574506706,2312,1007,11658,13214503.5,3.9435610939840444e-118,1.1830683281952134e-116,True
ndcg5,nemotron_topk400,rer_bge_m3_hybrid_513_nemotron,-0.01041359819854534,0.0,-0.01251790223526202,-0.008309294161828658,429,438,14110,6176752.0,0.5498158386983432,1.0,False
ndcg5,nemotron_topk400,rer_bge_m3_hybrid_513_nemotron_tk1000,0.007201580242409507,0.0,0.005662138401178629,0.008741022083640386,404,277,14296,4031847.5,6.209369208080062e-07,6.209369208080062e-06,True
ndcg5,nemotron_topk400,rer_bge_m3_hybrid_513_nemotron_tk500,0.006303406865498042,0.0,0.004899208186785792,0.0077076055442102925,460,279,14238,4060291.5,1.6413401728103636e-11,2.297876241934509e-10,True
ndcg5,rer_bge_m3_hybrid_513_nemotron,rer_bge_m3_hybrid_513_nemotron_tk1000,0.017615178440954848,0.0,0.01505047676095466,0.020179880120955035,807,602,13568,8470724.0,3.3589722425271332e-09,4.03076669103256e-08,True
ndcg5,rer_bge_m3_hybrid_513_nemotron,rer_bge_m3_hybrid_513_nemotron_tk500,0.016717005064043385,0.0,0.014321933385547502,0.01911207674253927,682,499,13796,7079949.0,1.0364313424973153e-08,1.1400744767470469e-07,True
ndcg5,rer_bge_m3_hybrid_513_nemotron_tk1000,rer_bge_m3_hybrid_513_nemotron_tk500,-0.0008981733769114642,0.0,-0.0019646773715019028,0.0001683306176789741,263,203,14511,3000366.0,0.006259105436205827,0.050072843489646614,False
ndcg10,bge_m3_hybrid_315,bge_m3_hybrid_414,-0.0336844714377162,0.0,-0.03704379063253415,-0.030325152242898248,1445,2582,10950,18419337.0,2.8745279448562664e-77,4.886697506255653e-76,True
ndcg10,bge_m3_hybrid_315,bge_m3_hybrid_424,-0.04265088407529921,0.0,-0.04618990240070963,-0.03911186574988879,1401,2825,10751,17664604.5,1.0531946374077147e-113,2.738306057260058e-112,True
ndcg10,bge_m3_hybrid_315,bge_m3_hybrid_513,-0.00010059080516551591,0.0,-0.0011449390154905053,0.0009437574051594736,715,689,13573,9845705.0,0.511396924884715,1.0,False
ndcg10,bge_m3_hybrid_315,bge_m3_hybrid_513_tk1000,-7.680719115015755e-05,0.0,-0.0011221959819666808,0.0009685815996663658,716,689,13572,9845152.0,0.4940537629337388,1.0,False
ndcg10,bge_m3_hybrid_315,bge_m3_hybrid_513_tk500,-7.680719115015755e-05,0.0,-0.0011221959819666808,0.0009685815996663658,716,689,13572,9845152.0,0.4940537629337388,1.0,False
ndcg10,bge_m3_hybrid_315,bge_m3_hybrid_514,-0.03625539596995129,0.0,-0.03958488292455442,-0.032925909015348157,1385,2616,10976,17636331.5,9.183436658703912e-91,1.9285216983278215e-89,True
ndcg10,bge_m3_hybrid_315,reranked_results,0.08715429419714486,0.0,0.08254514708512523,0.0917634413091645,3415,1182,10380,14388880.5,1.7901722931054393e-255,5.728551337937406e-254,True
ndcg10,bge_m3_hybrid_315,nemotron_topk400,0.13237403310274287,0.0,0.12758020013250718,0.13716786607297857,4119,688,10170,8034003.5,0.0,0.0,True
ndcg10,bge_m3_hybrid_315,rer_bge_m3_hybrid_513_nemotron,0.11885190967897814,0.0,0.11429636482242465,0.12340745453553163,3759,635,10583,7595645.5,0.0,0.0,True
ndcg10,bge_m3_hybrid_315,rer_bge_m3_hybrid_513_nemotron_tk1000,0.13994324149768017,0.0,0.13501501197971796,0.14487147101564238,4364,763,9850,8764033.5,0.0,0.0,True
ndcg10,bge_m3_hybrid_315,rer_bge_m3_hybrid_513_nemotron_tk500,0.13849292097440202,0.0,0.13359566660974023,0.1433901753390638,4316,747,9914,8602347.0,0.0,0.0,True
ndcg10,bge_m3_hybrid_414,bge_m3_hybrid_424,-0.008966412637583012,0.0,-0.010806196432934618,-0.0071266288422314064,1010,1475,12492,13822007.5,3.011016494689002e-21,4.516524742033503e-20,True
ndcg10,bge_m3_hybrid_414,bge_m3_hybrid_513,0.03358388063255068,0.0,0.03024627645552776,0.03692148480957361,2594,1431,10952,18262522.0,3.481349776916782e-80,6.266429598450207e-79,True
ndcg10,bge_m3_hybrid_414,bge_m3_hybrid_513_tk1000,0.03360766424656604,0.0,0.03026979589696373,0.036945532596168354,2595,1431,10951,18261754.5,2.6953585965109884e-80,5.3907171930219767e-79,True
ndcg10,bge_m3_hybrid_414,bge_m3_hybrid_513_tk500,0.03360766424656604,0.0,0.03026979589696373,0.036945532596168354,2595,1431,10951,18261754.5,2.6953585965109884e-80,5.3907171930219767e-79,True
ndcg10,bge_m3_hybrid_414,bge_m3_hybrid_514,-0.0025709245322350933,0.0,-0.0035463568636710206,-0.001595492200799166,523,642,13812,7507465.0,0.00035499796534949925,0.0035499796534949925,True
ndcg10,bge_m3_hybrid_414,reranked_results,0.12083876563486105,0.0,0.1158922014296041,0.125785329840118,4175,1122,9680,12931299.0,0.0,0.0,True
ndcg10,bge_m3_hybrid_414,nemotron_topk400,0.16605850454045906,0.0,0.1608955388673472,0.17122147021357093,4948,714,9315,7827623.0,0.0,0.0,True
ndcg10,bge_m3_hybrid_414,rer_bge_m3_hybrid_513_nemotron,0.15253638111669435,0.0,0.14756337029986644,0.15750939193352226,4585,676,9716,7583476.5,0.0,0.0,True
ndcg10,bge_m3_hybrid_414,rer_bge_m3_hybrid_513_nemotron_tk1000,0.1736277129353964,0.0,0.16837315657335433,0.17888226929743845,5168,725,9084,7873777.5,0.0,0.0,True
ndcg10,bge_m3_hybrid_414,rer_bge_m3_hybrid_513_nemotron_tk500,0.17217739241211819,0.0,0.166952244481426,0.17740254034281036,5117,708,9152,7711990.0,0.0,0.0,True
ndcg10,bge_m3_hybrid_424,bge_m3_hybrid_513,0.04255029327013369,0.0,0.03901266466239414,0.046087921877873236,2860,1397,10720,17630402.5,7.064459681101015e-118,1.907404113897274e-116,True
ndcg10,bge_m3_hybrid_424,bge_m3_hybrid_513_tk1000,0.042574076884149055,0.0,0.039036214503700865,0.046111939264597245,2861,1397,10719,17629697.5,5.286571561375384e-118,1.5331057527988613e-116,True
ndcg10,bge_m3_hybrid_424,bge_m3_hybrid_513_tk500,0.042574076884149055,0.0,0.039036214503700865,0.046111939264597245,2861,1397,10719,17629697.5,5.286571561375384e-118,1.5331057527988613e-116,True
ndcg10,bge_m3_hybrid_424,bge_m3_hybrid_514,0.006395488105347918,0.0,0.004648493734642108,0.008142482476053729,1395,1066,12516,14609920.5,1.4463074561547461e-11,2.0248304386166447e-10,True
ndcg10,bge_m3_hybrid_424,reranked_results,0.12980517827244406,0.0,0.12474659650727332,0.1348637600376148,4372,1110,9495,12621494.5,0.0,0.0,True
ndcg10,bge_m3_hybrid_424,nemotron_topk400,0.17502491717804206,0.0,0.16975620120501508,0.18029363315106903,5157,713,9107,7733103.5,0.0,0.0,True
ndcg10,bge_m3_hybrid_424,rer_bge_m3_hybrid_513_nemotron,0.16150279375427737,0.0,0.15640901131458762,0.16659657619396712,4792,682,9503,7556985.5,0.0,0.0,True
ndcg10,bge_m3_hybrid_424,rer_bge_m3_hybrid_513_nemotron_tk1000,0.18259412557297935,0.0,0.17724776921859145,0.18794048192736726,5354,711,8912,7635981.5,0.0,0.0,True
ndcg10,bge_m3_hybrid_424,rer_bge_m3_hybrid_513_nemotron_tk500,0.1811438050497012,0.0,0.1758240244217883,0.18646358567761412,5297,698,8982,7507568.5,0.0,0.0,True
ndcg10,bge_m3_hybrid_513,bge_m3_hybrid_513_tk1000,2.3783614015358363e-05,0.0,-2.283518061639622e-05,7.040240864711294e-05,1,0,14976,0.0,0.31731050786291415,1.0,False
ndcg10,bge_m3_hybrid_513,bge_m3_hybrid_513_tk500,2.3783614015358363e-05,0.0,-2.283518061639622e-05,7.040240864711294e-05,1,0,14976,0.0,0.31731050786291415,1.0,False
ndcg10,bge_m3_hybrid_513,bge_m3_hybrid_514,-0.03615480516478578,0.0,-0.03946420558370558,-0.03284540474586598,1363,2630,10984,17397408.5,4.162395709497835e-95,9.157270560895237e-94,True
ndcg10,bge_m3_hybrid_513,reranked_results,0.08725488500231038,0.0,0.08264161798553962,0.09186815201908113,3434,1189,10354,14467409.5,1.8519365931068185e-256,6.481778075873865e-255,True
ndcg10,bge_m3_hybrid_513,nemotron_topk400,0.13247462390790837,0.0,0.12767833810974138,0.13727090970607536,4112,684,10181,7996292.0,0.0,0.0,True
ndcg10,bge_m3_hybrid_513,rer_bge_m3_hybrid_513_nemotron,0.11895250048414367,0.0,0.11439441852396945,0.1235105824443179,3748,633,10596,7575546.0,0.0,0.0,True
ndcg10,bge_m3_hybrid_513,rer_bge_m3_hybrid_513_nemotron_tk1000,0.14004383230284567,0.0,0.13510505978971643,0.1449826048159749,4385,774,9818,8891215.0,0.0,0.0,True
ndcg10,bge_m3_hybrid_513,rer_bge_m3_hybrid_513_nemotron_tk500,0.13859351177956752,0.0,0.13368374532933516,0.14350327822979989,4334,770,9873,8852232.0,0.0,0.0,True
ndcg10,bge_m3_hybrid_513_tk1000,bge_m3_hybrid_513_tk500,0.0,0.0,0.0,0.0,0,0,14977,0.0,1.0,1.0,False
ndcg10,bge_m3_hybrid_513_tk1000,bge_m3_hybrid_514,-0.03617858877880113,0.0,-0.039488250881750474,-0.03286892667585179,1363,2631,10983,17396660.0,3.1577495959245484e-95,7.578599030218916e-94,True
ndcg10,bge_m3_hybrid_513_tk1000,reranked_results,0.08723110138829501,0.0,0.08261748342835351,0.09184471934823651,3434,1190,10353,14478520.0,3.218791422531079e-256,1.094389083660567e-254,True
ndcg10,bge_m3_hybrid_513_tk1000,nemotron_topk400,0.132450840293893,0.0,0.12765496206809365,0.13724671851969236,4112,684,10181,7996696.5,0.0,0.0,True
ndcg10,bge_m3_hybrid_513_tk1000,rer_bge_m3_hybrid_513_nemotron,0.1189287168701283,0.0,0.11437023728978202,0.1234871964504746,3748,634,10595,7586966.5,0.0,0.0,True
ndcg10,bge_m3_hybrid_513_tk1000,rer_bge_m3_hybrid_513_nemotron_tk1000,0.14002004868883033,0.0,0.13508166263618157,0.1449584347414791,4385,774,9818,8891706.5,0.0,0.0,True
ndcg10,bge_m3_hybrid_513_tk1000,rer_bge_m3_hybrid_513_nemotron_tk500,0.13856972816555216,0.0,0.13366035226166778,0.14347910406943654,4334,770,9873,8852717.5,0.0,0.0,True
ndcg10,bge_m3_hybrid_513_tk500,bge_m3_hybrid_514,-0.03617858877880113,0.0,-0.039488250881750474,-0.03286892667585179,1363,2631,10983,17396660.0,3.1577495959245484e-95,7.578599030218916e-94,True
ndcg10,bge_m3_hybrid_513_tk500,reranked_results,0.08723110138829501,0.0,0.08261748342835351,0.09184471934823651,3434,1190,10353,14478520.0,3.218791422531079e-256,1.094389083660567e-254,True
ndcg10,bge_m3_hybrid_513_tk500,nemotron_topk400,0.132450840293893,0.0,0.12765496206809365,0.13724671851969236,4112,684,10181,7996696.5,0.0,0.0,True
ndcg10,bge_m3_hybrid_513_tk500,rer_bge_m3_hybrid_513_nemotron,0.1189287168701283,0.0,0.11437023728978202,0.1234871964504746,3748,634,10595,7586966.5,0.0,0.0,True
ndcg10,bge_m3_hybrid_513_tk500,rer_bge_m3_hybrid_513_nemotron_tk1000,0.14002004868883033,0.0,0.13508166263618157,0.1449584347414791,4385,774,9818,8891706.5,0.0,0.0,True
ndcg10,bge_m3_hybrid_513_tk500,rer_bge_m3_hybrid_513_nemotron_tk500,0.13856972816555216,0.0,0.13366035226166778,0.14347910406943654,4334,770,9873,8852717.5,0.0,0.0,True
ndcg10,bge_m3_hybrid_514,reranked_results,0.12340969016709616,0.0,0.11841968255710308,0.12839969777708923,4225,1124,9628,12897436.5,0.0,0.0,True
ndcg10,bge_m3_hybrid_514,nemotron_topk400,0.16862942907269413,0.0,0.1634373395908104,0.17382151855457786,4993,707,9277,7725787.5,0.0,0.0,True
ndcg10,bge_m3_hybrid_514,rer_bge_m3_hybrid_513_nemotron,0.15510730564892944,0.0,0.1501029284533317,0.16011168284452718,4626,663,9688,7419033.0,0.0,0.0,True
ndcg10,bge_m3_hybrid_514,rer_bge_m3_hybrid_513_nemotron_tk1000,0.17619863746763145,0.0,0.17090981518646506,0.18148745974879785,5213,733,9031,7917140.0,0.0,0.0,True
ndcg10,bge_m3_hybrid_514,rer_bge_m3_hybrid_513_nemotron_tk500,0.1747483169443533,0.0,0.1694884989462141,0.18000813494249251,5166,718,9093,7771871.0,0.0,0.0,True
ndcg10,reranked_results,nemotron_topk400,0.045219738905598,0.0,0.041312221615823944,0.04912725619537206,2598,1300,11079,16685871.5,6.008157141245695e-101,1.5020392853114236e-99,True
ndcg10,reranked_results,rer_bge_m3_hybrid_513_nemotron,0.031697615481833294,0.0,0.02825394998250232,0.03514128098116427,2230,1204,11543,15833268.0,6.9630131129344575e-71,1.1140820980695132e-69,True
ndcg10,reranked_results,rer_bge_m3_hybrid_513_nemotron_tk1000,0.05278894730053531,0.0,0.04883127880734539,0.056746615793725225,2731,1174,11072,15053553.5,2.1154593658653652e-142,6.557924034182632e-141,True
ndcg10,reranked_results,rer_bge_m3_hybrid_513_nemotron_tk500,0.05133862677725715,0.0,0.04745812681759946,0.05521912673691485,2667,1143,11167,14706558.5,5.722954430036939e-140,1.7168863290110817e-138,True
ndcg10,nemotron_topk400,rer_bge_m3_hybrid_513_nemotron,-0.01352212342376471,0.0,-0.01562762581963672,-0.0114166210278927,662,588,13727,8577978.0,0.12214087359004014,0.9771269887203211,False
ndcg10,nemotron_topk400,rer_bge_m3_hybrid_513_nemotron_tk1000,0.007569208394937304,0.0,0.00604369509667784,0.009094721693196767,457,471,14049,6707254.5,0.902772232241607,1.0,False
ndcg10,nemotron_topk400,rer_bge_m3_hybrid_513_nemotron_tk500,0.006118887871659151,0.0,0.0047824612677497364,0.007455314475568566,547,414,14016,5963579.0,8.21671920589357e-06,9.860063047072284e-05,True
ndcg10,rer_bge_m3_hybrid_513_nemotron,rer_bge_m3_hybrid_513_nemotron_tk1000,0.021091331818702014,0.0,0.018537182197391547,0.02364548144001248,993,858,13126,11779940.0,5.116498311520579e-05,0.0005628148142672637,True
ndcg10,rer_bge_m3_hybrid_513_nemotron,rer_bge_m3_hybrid_513_nemotron_tk500,0.019641011295423862,0.0,0.017256091617686892,0.022025930973160832,820,744,13413,10329487.5,0.006018782667367179,0.05416904400630461,False
ndcg10,rer_bge_m3_hybrid_513_nemotron_tk1000,rer_bge_m3_hybrid_513_nemotron_tk500,-0.0014503205232781527,0.0,-0.002503911038462832,-0.0003967300080934737,453,312,14212,4573372.5,5.746931546318328e-07,7.471011010213827e-06,True
ndcg100,bge_m3_hybrid_315,bge_m3_hybrid_414,-0.03136682390727648,0.0,-0.034352754488115714,-0.028380893326437243,2352,3634,8991,27412960.0,7.258810082266629e-73,1.1614096131626606e-71,True
ndcg100,bge_m3_hybrid_315,bge_m3_hybrid_424,-0.04034385953906684,0.0,-0.04349036287452076,-0.037197356203612926,2253,3919,8805,25858329.5,1.509599301849992e-116,3.7739982546249805e-115,True
ndcg100,bge_m3_hybrid_315,bge_m3_hybrid_513,0.00024291034873600233,0.0,-0.0006696636558539531,0.0011554843533259577,1798,1432,11747,19198445.0,3.9024470555901477e-10,3.512202350031133e-09,True
ndcg100,bge_m3_hybrid_315,bge_m3_hybrid_513_tk1000,0.0005371245773526355,0.0,-0.0003841425858402631,0.001458391740545534,1823,1434,11720,19192321.5,2.5793956169496324e-11,2.8373351786445957e-10,True
ndcg100,bge_m3_hybrid_315,bge_m3_hybrid_513_tk500,0.0005371245773526355,0.0,-0.0003841425858402631,0.001458391740545534,1823,1434,11720,19192321.5,2.5793956169496324e-11,2.8373351786445957e-10,True
ndcg100,bge_m3_hybrid_315,bge_m3_hybrid_514,-0.03365889375831656,0.0,-0.03661545376200651,-0.030702333754626603,2294,3688,8995,26664487.5,1.0911300068610058e-85,2.291373014408112e-84,True
ndcg100,bge_m3_hybrid_315,reranked_results,0.07397059991626505,0.0,0.07004896398597586,0.07789223584655423,3893,1470,9614,17281272.5,5.295398294880154e-262,1.800435420259252e-260,True
ndcg100,bge_m3_hybrid_315,nemotron_topk400,0.11928923866603072,0.0,0.11511582679538629,0.12346265053667516,4886,930,9161,10287977.5,0.0,0.0,True
ndcg100,bge_m3_hybrid_315,rer_bge_m3_hybrid_513_nemotron,0.09983382308124253,0.0,0.09597548412905527,0.10369216203342979,4128,820,10029,9551731.5,0.0,0.0,True
ndcg100,bge_m3_hybrid_315,rer_bge_m3_hybrid_513_nemotron_tk1000,0.12926652017778809,0.0,0.12493760334475316,0.133595437010823,5299,1037,8641,11154921.5,0.0,0.0,True
ndcg100,bge_m3_hybrid_315,rer_bge_m3_hybrid_513_nemotron_tk500,0.12586005147576307,0.0,0.12157175262306574,0.1301483503284604,5114,1002,8861,10908258.0,0.0,0.0,True
ndcg100,bge_m3_hybrid_414,bge_m3_hybrid_424,-0.008977035631790368,0.0,-0.01062294475918045,-0.007331126504400286,1885,2672,10420,23706955.5,7.178619063810512e-34,9.332204782953666e-33,True
ndcg100,bge_m3_hybrid_414,bge_m3_hybrid_513,0.031609734256012476,0.0,0.02864542379011686,0.034574044721908094,3675,2315,8987,27000557.5,3.0218349093119095e-80,5.439302836761437e-79,True
ndcg100,bge_m3_hybrid_414,bge_m3_hybrid_513_tk1000,0.03190394848462911,0.0,0.02893973011991586,0.03486816684934236,3695,2313,8969,26948326.5,1.7781803827446184e-82,3.556360765489237e-81,True
ndcg100,bge_m3_hybrid_414,bge_m3_hybrid_513_tk500,0.03190394848462911,0.0,0.02893973011991586,0.03486816684934236,3695,2313,8969,26948326.5,1.7781803827446184e-82,3.556360765489237e-81,True
ndcg100,bge_m3_hybrid_414,bge_m3_hybrid_514,-0.0022920698510400833,0.0,-0.0031578293805850045,-0.0014263103214951622,1502,1472,12003,20008468.0,0.8880112905793816,1.0,False
ndcg100,bge_m3_hybrid_414,reranked_results,0.10533742382354153,0.0,0.10098845806281057,0.10968638958427249,4699,1632,8646,17675007.0,0.0,0.0,True
ndcg100,bge_m3_hybrid_414,nemotron_topk400,0.15065606257330721,0.0,0.14610140143812222,0.1552107237084922,5699,1019,8259,10423774.0,0.0,0.0,True
ndcg100,bge_m3_hybrid_414,rer_bge_m3_hybrid_513_nemotron,0.13120064698851902,0.0,0.12681875702775178,0.13558253694928626,4987,1083,8907,11563601.5,0.0,0.0,True
ndcg100,bge_m3_hybrid_414,rer_bge_m3_hybrid_513_nemotron_tk1000,0.16063334408506458,0.0,0.15598565754826782,0.16528103062186134,6084,1035,7858,10352701.0,0.0,0.0,True
ndcg100,bge_m3_hybrid_414,rer_bge_m3_hybrid_513_nemotron_tk500,0.15722687538303956,0.0,0.1526078137416933,0.16184593702438582,5900,1009,8068,10212199.0,0.0,0.0,True
ndcg100,bge_m3_hybrid_424,bge_m3_hybrid_513,0.04058676988780285,0.0,0.037448965128305325,0.04372457464730037,3981,2225,8771,25545709.0,3.6999722978044084e-126,9.619927974291462e-125,True
ndcg100,bge_m3_hybrid_424,bge_m3_hybrid_513_tk1000,0.04088098411641948,0.0,0.03774303322463016,0.044018935008208804,4001,2225,8751,25514079.0,1.4161882192651147e-128,3.965327013942321e-127,True
ndcg100,bge_m3_hybrid_424,bge_m3_hybrid_513_tk500,0.04088098411641948,0.0,0.03774303322463016,0.044018935008208804,4001,2225,8751,25514079.0,1.4161882192651147e-128,3.965327013942321e-127,True
ndcg100,bge_m3_hybrid_424,bge_m3_hybrid_514,0.006684965780750285,0.0,0.005115817617916015,0.008254113943584555,2583,1941,10453,24515039.0,5.049312427493963e-23,6.059174912992756e-22,True
ndcg100,bge_m3_hybrid_424,reranked_results,0.11431445945533189,0.0,0.1098539036356375,0.11877501527502628,4905,1594,8478,17005489.0,0.0,0.0,True
ndcg100,bge_m3_hybrid_424,nemotron_topk400,0.15963309820509758,0.0,0.1549643273295492,0.16430186908064595,5918,998,8061,10090140.5,0.0,0.0,True
ndcg100,bge_m3_hybrid_424,rer_bge_m3_hybrid_513_nemotron,0.14017768262030939,0.0,0.13566879974505808,0.1446865654955607,5192,1066,8719,11225330.0,0.0,0.0,True
ndcg100,bge_m3_hybrid_424,rer_bge_m3_hybrid_513_nemotron_tk1000,0.16961037971685494,0.0,0.1648651610063179,0.17435559842739198,6271,1008,7698,9936543.0,0.0,0.0,True
ndcg100,bge_m3_hybrid_424,rer_bge_m3_hybrid_513_nemotron_tk500,0.16620391101482992,0.0,0.1614844174614954,0.17092340456816446,6089,981,7907,9794881.5,0.0,0.0,True
ndcg100,bge_m3_hybrid_513,bge_m3_hybrid_513_tk1000,0.0002942142286166331,0.0,0.0001647440876707077,0.0004236843695625585,28,70,14879,418976.5,2.3432493281221275e-05,0.00014059495968732764,True
ndcg100,bge_m3_hybrid_513,bge_m3_hybrid_513_tk500,0.0002942142286166331,0.0,0.0001647440876707077,0.0004236843695625585,28,70,14879,418976.5,2.3432493281221275e-05,0.00014059495968732764,True
ndcg100,bge_m3_hybrid_513,bge_m3_hybrid_514,-0.03390180410705256,0.0,-0.03683625334151773,-0.03096735487258739,2247,3728,9002,26150474.5,8.847552375646285e-95,1.9464615226421828e-93,True
ndcg100,bge_m3_hybrid_513,reranked_results,0.07372768956752904,0.0,0.06981935981603607,0.077636019319022,3899,1459,9619,17171008.5,5.146438253589153e-265,1.8012533887562035e-263,True
ndcg100,bge_m3_hybrid_513,nemotron_topk400,0.11904632831729471,0.0,0.1148816875629256,0.12321096907166382,4873,922,9182,10205755.5,0.0,0.0,True
ndcg100,bge_m3_hybrid_513,rer_bge_m3_hybrid_513_nemotron,0.09959091273250653,0.0,0.09575193733911863,0.10342988812589443,4105,793,10079,9255572.0,0.0,0.0,True
ndcg100,bge_m3_hybrid_513,rer_bge_m3_hybrid_513_nemotron_tk1000,0.1290236098290521,0.0,0.12469351178089583,0.13335370787720835,5310,1046,8621,11254111.0,0.0,0.0,True
ndcg100,bge_m3_hybrid_513,rer_bge_m3_hybrid_513_nemotron_tk500,0.12561714112702707,0.0,0.12132650057883514,0.12990778167521902,5122,1022,8833,11108368.5,0.0,0.0,True
ndcg100,bge_m3_hybrid_513_tk1000,bge_m3_hybrid_513_tk500,0.0,0.0,0.0,0.0,0,0,14977,0.0,1.0,1.0,False
ndcg100,bge_m3_hybrid_513_tk1000,bge_m3_hybrid_514,-0.034196018335669195,0.0,-0.03713027459544837,-0.03126176207589002,2248,3747,8982,26125490.5,7.979058133239569e-97,1.9149739519774967e-95,True
ndcg100,bge_m3_hybrid_513_tk1000,reranked_results,0.07343347533891241,0.0,0.06952089249179011,0.07734605818603471,3899,1487,9591,17468968.0,8.641721786371217e-259,2.8517681895025013e-257,True
ndcg100,bge_m3_hybrid_513_tk1000,nemotron_topk400,0.11875211408867808,0.0,0.11459637605339781,0.12290785212395836,4872,923,9182,10218332.0,0.0,0.0,True
ndcg100,bge_m3_hybrid_513_tk1000,rer_bge_m3_hybrid_513_nemotron,0.09929669850388989,0.0,0.09545264118868955,0.10314075581909023,4105,821,10051,9564644.5,0.0,0.0,True
ndcg100,bge_m3_hybrid_513_tk1000,rer_bge_m3_hybrid_513_nemotron_tk1000,0.12872939560043545,0.0,0.1244072557360561,0.1330515354648148,5310,1047,8620,11267185.0,0.0,0.0,True
ndcg100,bge_m3_hybrid_513_tk1000,rer_bge_m3_hybrid_513_nemotron_tk500,0.12532292689841043,0.0,0.12104077267894692,0.12960508111787394,5121,1023,8833,11121255.5,0.0,0.0,True
ndcg100,bge_m3_hybrid_513_tk500,bge_m3_hybrid_514,-0.034196018335669195,0.0,-0.03713027459544837,-0.03126176207589002,2248,3747,8982,26125490.5,7.979058133239569e-97,1.9149739519774967e-95,True
ndcg100,bge_m3_hybrid_513_tk500,reranked_results,0.07343347533891241,0.0,0.06952089249179011,0.07734605818603471,3899,1487,9591,17468968.0,8.641721786371217e-259,2.8517681895025013e-257,True
ndcg100,bge_m3_hybrid_513_tk500,nemotron_topk400,0.11875211408867808,0.0,0.11459637605339781,0.12290785212395836,4872,923,9182,10218332.0,0.0,0.0,True
ndcg100,bge_m3_hybrid_513_tk500,rer_bge_m3_hybrid_513_nemotron,0.09929669850388989,0.0,0.09545264118868955,0.10314075581909023,4105,821,10051,9564644.5,0.0,0.0,True
ndcg100,bge_m3_hybrid_513_tk500,rer_bge_m3_hybrid_513_nemotron_tk1000,0.12872939560043545,0.0,0.1244072557360561,0.1330515354648148,5310,1047,8620,11267185.0,0.0,0.0,True
ndcg100,bge_m3_hybrid_513_tk500,rer_bge_m3_hybrid_513_nemotron_tk500,0.12532292689841043,0.0,0.12104077267894692,0.12960508111787394,5121,1023,8833,11121255.5,0.0,0.0,True
ndcg100,bge_m3_hybrid_514,reranked_results,0.1076294936745816,0.0,0.10324610340595758,0.11201288394320563,4734,1645,8598,17709277.5,0.0,0.0,True
ndcg100,bge_m3_hybrid_514,nemotron_topk400,0.1529481324243473,0.0,0.14836931994494193,0.15752694490375266,5738,1015,8224,10328526.0,0.0,0.0,True
ndcg100,bge_m3_hybrid_514,rer_bge_m3_hybrid_513_nemotron,0.13349271683955907,0.0,0.1290854221405545,0.13790001153856365,5020,1076,8881,11433254.0,0.0,0.0,True
ndcg100,bge_m3_hybrid_514,rer_bge_m3_hybrid_513_nemotron_tk1000,0.16292541393610466,0.0,0.15824704370152518,0.16760378417068414,6127,1045,7805,10390890.5,0.0,0.0,True
ndcg100,bge_m3_hybrid_514,rer_bge_m3_hybrid_513_nemotron_tk500,0.15951894523407964,0.0,0.15486846078763114,0.16416942968052814,5942,1021,8014,10271224.0,0.0,0.0,True
ndcg100,reranked_results,nemotron_topk400,0.04531863874976568,0.0,0.041737100742079244,0.04890017675745212,3244,1549,10184,19209740.0,1.203457112699448e-137,3.490025626828399e-136,True
ndcg100,reranked_results,rer_bge_m3_hybrid_513_nemotron,0.025863223164977488,0.0,0.022845679100241552,0.028880767229713424,2509,1363,11105,17703361.0,1.2234308109435455e-76,2.0798323786040272e-75,True
ndcg100,reranked_results,rer_bge_m3_hybrid_513_nemotron_tk1000,0.05529592026152305,0.0,0.05165185526018967,0.05893998526285643,3540,1454,9983,17766512.5,4.2094260514803226e-200,1.3049220759589e-198,True
ndcg100,reranked_results,rer_bge_m3_hybrid_513_nemotron_tk500,0.05188945155949803,0.0,0.048330900861745955,0.0554480022572501,3353,1402,10222,17313359.0,4.556160534171463e-184,1.366848160251439e-182,True
ndcg100,nemotron_topk400,rer_bge_m3_hybrid_513_nemotron,-0.019455415584788194,0.0,-0.02157565524995146,-0.017335175919624926,1230,1003,12744,14378260.5,0.0008148868941205885,0.003259547576482354,True
ndcg100,nemotron_topk400,rer_bge_m3_hybrid_513_nemotron_tk1000,0.009977281511757372,0.0,0.008448375225433194,0.01150618779808155,661,1288,13028,9615590.0,8.422207218374618e-39,1.1791090105724466e-37,True
ndcg100,nemotron_topk400,rer_bge_m3_hybrid_513_nemotron_tk500,0.006570812809732345,0.0,0.0052604139274451045,0.007881211692019585,780,1054,13143,11148323.5,6.938915093147812e-09,5.55113207451825e-08,True
ndcg100,rer_bge_m3_hybrid_513_nemotron,rer_bge_m3_hybrid_513_nemotron_tk1000,0.029432697096545567,0.0,0.026875949297568553,0.031989444895522585,1584,1438,11955,18558866.5,1.4127392208612483e-06,9.889174546028738e-06,True
ndcg100,rer_bge_m3_hybrid_513_nemotron,rer_bge_m3_hybrid_513_nemotron_tk500,0.02602622839452054,0.0,0.023633568817726054,0.028418887971315025,1262,1327,12388,17479098.5,0.5029233860523947,1.0,False
ndcg100,rer_bge_m3_hybrid_513_nemotron_tk1000,rer_bge_m3_hybrid_513_nemotron_tk500,-0.003406468702025027,0.0,-0.00445949551430213,-0.0023534418897479233,1250,590,13137,8452314.0,6.915553099689769e-50,1.0373329649534654e-48,True
