index	preds
3	[2764, 5334, 2117, 6157, 1460]
4	[4854, 8726, 1103, 9129, 7942]
11	[2119, 5393, 5638, 5930, 177]
15	[9737, 2557, 8310, 6558, 8055]
18	[4138, 7699, 7809, 886, 980]
20	[9538, 4004, 4333, 5666, 9609]
23	[6736, 799, 7722, 6144, 8942]
27	[8688, 1033, 9665, 1724, 5782]
43	[8688, 1033, 1572, 4963, 8153]
51	[5535, 4130, 3954, 8396, 4635]
57	[5744, 8214, 3020, 2552, 3990]
65	[5336, 824, 9929, 4982, 8506]
66	[7710, 874, 5628, 1981, 808]
71	[9901, 1708, 881, 2190, 6883]
74	[9014, 5678, 1833, 4571, 8232]
75	[6756, 4006, 6560, 2871, 40]
78	[2284, 3718, 3905, 3008, 8180]
79	[9490, 4709, 7151, 7939, 4396]
82	[8798, 4189, 9305, 1737, 7563]
84	[2621, 1253, 3565, 2556, 145]
88	[506, 6747, 1551, 9478, 8197]
90	[3127, 4705, 5102, 8137, 761]
95	[2197, 4811, 618, 8109, 4623]
97	[1771, 6915, 9059, 7659, 9738]
99	[3633, 7990, 3621, 3583, 2426]
102	[3334, 368, 5634, 7884, 9396]
105	[1774, 7671, 1171, 519, 6620]
106	[7263, 367, 8661, 3452, 5160]
107	[1614, 8993, 208, 1424, 4192]
111	[3013, 877, 9571, 3054, 1579]
114	[3252, 6755, 2856, 4775, 4638]
116	[1350, 1720, 859, 3711, 7632]
122	[5039, 5401, 6615, 5950, 6516]
124	[9807, 5666, 2628, 6275, 4333]
125	[1999, 5808, 8673, 1746, 1548]
127	[6350, 5226, 8621, 9612, 985]
128	[194, 3427, 3434, 2758, 8217]
135	[4396, 1169, 7446, 1059, 478]
137	[5051, 7397, 8995, 4513, 4140]
138	[2829, 5991, 991, 5169, 255]
140	[5666, 5329, 3167, 4333, 4004]
142	[8220, 4337, 7773, 7765, 8670]
146	[6413, 7550, 8836, 7692, 1587]
149	[2337, 268, 6450, 7454, 1511]
150	[961, 9719, 5664, 110, 578]
151	[3330, 4114, 1687, 2974, 6592]
152	[1144, 8439, 836, 6971, 7631]
159	[2628, 9609, 1387, 2023, 421]
163	[7775, 4725, 5107, 1998, 3718]
166	[4497, 2513, 9792, 2857, 8502]
169	[4788, 5080, 1085, 5561, 3434]
171	[4888, 1373, 9307, 3973, 5042]
179	[6413, 8836, 7550, 4856, 7692]
183	[2984, 9265, 9483, 2726, 7365]
192	[6778, 4216, 9031, 1666, 1451]
196	[6408, 8655, 7881, 1444, 897]
198	[9040, 5633, 8563, 4423, 7338]
201	[616, 8637, 9689, 6600, 4443]
206	[4725, 255, 5653, 9184, 1773]
207	[2449, 7857, 9711, 904, 6180]
215	[7045, 6206, 1621, 501, 5925]
216	[4273, 591, 1219, 4095, 9321]
221	[9708, 3692, 6749, 2558, 2089]
224	[879, 7706, 8608, 2341, 5865]
235	[4186, 2740, 944, 366, 285]
244	[4681, 8663, 7708, 4077, 334]
248	[5277, 4586, 4381, 5884, 427]
254	[1963, 2476, 375, 1227, 3348]
259	[9556, 7082, 6074, 9171, 8539]
267	[8069, 3641, 1632, 4263, 2824]
279	[9126, 5297, 857, 5047, 997]
280	[5670, 262, 6370, 5188, 5899]
281	[431, 6850, 3797, 3905, 5856]
285	[260, 3887, 22, 9318, 9809]
286	[5101, 3839, 3407, 9715, 8505]
288	[7122, 9451, 9321, 4615, 6597]
292	[897, 3109, 35, 5555, 6408]
295	[4991, 7679, 953, 6181, 9614]
302	[8791, 5260, 2191, 1664, 4945]
304	[9802, 6972, 8767, 9057, 5813]
306	[2677, 9431, 4010, 9155, 9037]
308	[6860, 2783, 9053, 1818, 4779]
318	[4017, 785, 9705, 2259, 9625]
323	[3355, 2034, 5465, 268, 9999]
331	[9980, 1915, 7217, 2312, 87]
342	[3718, 6263, 8144, 5349, 2940]
343	[6943, 4397, 8029, 598, 8539]
345	[5331, 4857, 3235, 6530, 6161]
352	[911, 6138, 7194, 5036, 6379]
359	[5666, 4004, 4333, 6275, 2628]
367	[831, 6808, 5174, 6260, 7006]
369	[1979, 4324, 4208, 1461, 7581]
371	[7225, 851, 9447, 6545, 8397]
373	[8910, 7865, 3210, 4677, 5300]
377	[9171, 8539, 6829, 9556, 1296]
383	[7851, 1494, 3766, 8045, 5865]
388	[6735, 6696, 6641, 5560, 6731]
395	[8010, 26, 7557, 9995, 3927]
402	[201, 4884, 5588, 6331, 3134]
404	[1100, 694, 4230, 8674, 4716]
405	[9124, 8022, 4511, 8661, 8658]
411	[6930, 8752, 5373, 9829, 4064]
425	[9494, 8755, 4857, 2945, 1509]
431	[9807, 3912, 5401, 5039, 4333]
434	[6389, 1409, 6131, 9248, 1090]
435	[4746, 9335, 5404, 4514, 5583]
437	[2677, 9234, 198, 2291, 4010]
448	[7122, 2547, 4095, 7284, 5584]
462	[4966, 8233, 1787, 5135, 4721]
469	[3621, 3583, 9796, 7526, 3633]
470	[7272, 5502, 3573, 4848, 9163]
477	[9680, 7958, 2088, 1663, 594]
480	[2677, 2505, 4010, 7478, 4868]
488	[9108, 2802, 3211, 3360, 5310]
495	[7082, 4279, 8539, 7747, 6074]
506	[6521, 6440, 1226, 690, 9425]
511	[7346, 8954, 2745, 5799, 7644]
524	[6641, 494, 2952, 9476, 8423]
535	[591, 5465, 196, 8060, 8730]
544	[6536, 2036, 9978, 1304, 489]
550	[9290, 4752, 4341, 4082, 4695]
554	[4156, 8498, 826, 1111, 2329]
555	[3053, 1812, 3855, 1830, 8232]
556	[3464, 351, 4289, 2643, 1612]
562	[4006, 6756, 6560, 9609, 2948]
572	[8506, 3568, 9929, 4524, 5336]
587	[8227, 2840, 8874, 2346, 5441]
589	[1210, 1932, 6300, 2119, 1456]
591	[3622, 9292, 3316, 9274, 3074]
596	[5824, 6764, 5192, 6235, 6257]
597	[2284, 7775, 2290, 3008, 4852]
598	[9474, 8673, 4214, 36, 1746]
612	[7122, 2547, 4095, 5584, 1538]
622	[7448, 2776, 9954, 6519, 8178]
623	[2145, 5600, 6324, 5779, 308]
625	[9407, 373, 1021, 5523, 4573]
628	[5864, 7234, 356, 5152, 6538]
629	[8195, 3919, 6924, 929, 8069]
632	[431, 6850, 6538, 3797, 5516]
634	[3817, 6666, 5411, 3056, 6046]
637	[911, 5036, 6379, 2919, 4539]
644	[4521, 6764, 8659, 653, 9350]
645	[2488, 636, 2777, 1020, 9779]
658	[5170, 8456, 7512, 3392, 7151]
660	[1384, 3773, 640, 3674, 1917]
665	[3364, 1050, 5583, 748, 4289]
666	[9773, 103, 6850, 3797, 5856]
670	[3507, 5856, 6538, 3960, 182]
671	[2845, 265, 8385, 346, 7768]
672	[2212, 7799, 3453, 7380, 9089]
679	[9011, 7220, 9108, 9014, 1789]
687	[1383, 5382, 7201, 9172, 7313]
688	[5856, 6850, 3797, 1677, 356]
694	[4521, 6235, 7190, 8095, 5192]
699	[9679, 4488, 503, 5399, 1598]
701	[7206, 3507, 3256, 8431, 9019]
707	[4623, 8449, 7664, 5358, 5765]
708	[6327, 4798, 7797, 6331, 9577]
711	[9756, 6946, 1737, 8798, 6]
713	[3749, 1887, 2846, 1700, 2989]
717	[643, 2977, 814, 4853, 3733]
718	[9556, 8539, 7082, 6074, 9175]
721	[1887, 8404, 1003, 3229, 9168]
723	[5313, 8397, 2242, 6284, 9447]
724	[1614, 8993, 2068, 812, 7426]
729	[7388, 5058, 7368, 2845, 999]
741	[6756, 6560, 4006, 2871, 9609]
746	[7432, 9481, 6157, 6747, 8414]
750	[4231, 1254, 2753, 6336, 2788]
753	[5397, 5244, 3128, 2880, 5322]
754	[9609, 4385, 4004, 1373, 7942]
759	[4298, 5106, 5287, 6155, 4914]
764	[2091, 663, 9389, 1330, 7437]
768	[7161, 3233, 7520, 3647, 9168]
778	[4259, 4637, 9379, 944, 2922]
783	[9517, 6576, 3294, 1936, 6688]
792	[1621, 8217, 4398, 3697, 9497]
795	[5430, 6630, 9168, 178, 4609]
800	[7834, 7618, 2191, 2382, 7785]
802	[4004, 4333, 9807, 9632, 5666]
806	[4357, 2802, 787, 1818, 7388]
818	[5824, 2463, 9434, 5568, 9972]
829	[7057, 9011, 4546, 1789, 9014]
830	[1297, 9071, 2985, 3312, 4858]
838	[4749, 8651, 1333, 9601, 8287]
845	[2419, 4816, 1793, 6274, 7995]
854	[2481, 3741, 1795, 2072, 9565]
860	[6808, 4025, 9601, 9464, 7538]
864	[1050, 3364, 4013, 5382, 5970]
871	[9947, 7959, 6932, 5884, 8008]
890	[8118, 5884, 587, 5705, 6192]
896	[6264, 255, 5653, 825, 2940]
899	[5402, 8603, 3853, 6124, 3509]
908	[4906, 7060, 2086, 803, 5955]
913	[9494, 7150, 2132, 1207, 3311]
919	[6638, 4391, 4725, 7775, 7642]
921	[3013, 877, 5856, 5492, 3008]
923	[7146, 6044, 7841, 9868, 2273]
926	[6088, 5929, 6740, 4369, 5090]
931	[386, 4739, 2394, 7462, 6753]
936	[9172, 9557, 9972, 5179, 6677]
941	[1774, 7671, 495, 9920, 1171]
943	[3510, 9860, 4462, 3746, 6267]
953	[2155, 4450, 6181, 1633, 2395]
963	[9379, 1284, 5612, 8424, 4259]
964	[582, 9446, 6165, 731, 3409]
971	[4991, 6334, 7679, 6181, 308]
974	[7573, 7664, 1460, 5721, 7363]
981	[5417, 1488, 7161, 672, 3865]
982	[6274, 4358, 6185, 1076, 2812]
984	[9124, 349, 7920, 8166, 7888]
986	[5977, 1357, 2626, 7663, 4938]
997	[6762, 3775, 1728, 6778, 144]
1005	[7225, 9447, 7906, 9168, 6545]
1006	[7113, 7299, 1424, 5109, 5809]
1007	[5074, 5165, 9646, 7419, 3961]
1011	[2070, 6687, 5336, 9779, 7045]
1015	[6538, 3797, 5856, 6039, 3960]
1018	[3206, 5543, 9279, 8767, 6008]
1031	[5294, 3509, 5212, 7113, 383]
1042	[9538, 5039, 5401, 4004, 4333]
1045	[326, 4654, 653, 8503, 7190]
1057	[709, 8045, 3766, 5115, 5017]
1063	[9451, 1379, 2314, 260, 2119]
1065	[7639, 4455, 1942, 1755, 3248]
1071	[1887, 7079, 3936, 2802, 9168]
1075	[2023, 5304, 2996, 4894, 6919]
1078	[7225, 9168, 5430, 3936, 9447]
1085	[9182, 6899, 7090, 7959, 7362]
1090	[3800, 3936, 2845, 1887, 3749]
1091	[5115, 1416, 4133, 5962, 8084]
1099	[8781, 2440, 2322, 3303, 7136]
1103	[8701, 3674, 1887, 2834, 178]
1105	[3402, 523, 8518, 1551, 506]
1111	[8549, 1372, 4511, 5434, 8022]
1112	[8153, 9665, 1572, 3284, 4760]
1114	[1642, 1863, 544, 4431, 8742]
1115	[7161, 5417, 2197, 2157, 2482]
1118	[4010, 2674, 4868, 2677, 709]
1119	[4494, 7293, 2849, 4867, 3262]
1121	[1955, 2371, 3124, 6977, 6347]
1127	[6905, 4236, 4654, 3008, 8700]
1133	[732, 5715, 1011, 1285, 9577]
1134	[7416, 8077, 9753, 2257, 5663]
1143	[8660, 2186, 5480, 2572, 4471]
1149	[2415, 7110, 8515, 5834, 3382]
1157	[3085, 8137, 7385, 7980, 6523]
1158	[545, 9406, 1890, 9311, 5441]
1162	[5639, 5534, 2613, 6536, 4310]
1169	[6226, 2513, 1747, 9840, 9535]
1173	[6604, 9545, 3110, 7601, 2613]
1175	[1887, 9520, 6751, 3229, 7173]
1183	[7479, 2382, 2191, 2540, 4456]
1194	[4006, 2871, 6560, 9609, 6756]
1201	[4888, 7045, 7430, 6370, 3574]
1210	[4095, 196, 8060, 8357, 5584]
1216	[1887, 6909, 2296, 9486, 2579]
1217	[8805, 7439, 3677, 3333, 3081]
1224	[3013, 877, 9571, 3054, 1579]
1225	[7387, 6436, 7752, 5989, 2331]
1241	[8898, 4003, 3080, 1524, 8223]
1242	[4094, 2271, 9721, 4783, 7952]
1253	[7024, 3831, 6144, 577, 3929]
1254	[8777, 225, 6115, 7432, 3694]
1255	[1856, 3815, 2206, 6429, 9797]
1256	[4888, 1373, 9307, 5073, 5042]
1262	[1151, 3825, 1092, 798, 5977]
1264	[6778, 1666, 3339, 4216, 3849]
1266	[9168, 3936, 9520, 4609, 3229]
1271	[6604, 9545, 7601, 9961, 9960]
1276	[1323, 7300, 7602, 3144, 6479]
1290	[3825, 383, 9305, 6370, 5790]
1292	[4631, 368, 5634, 141, 774]
1298	[8161, 5743, 8731, 4356, 3128]
1305	[9801, 8366, 2212, 6502, 3453]
1307	[1863, 5308, 6974, 8647, 4332]
1308	[9192, 1257, 9488, 43, 5103]
1311	[9261, 6278, 997, 2946, 929]
1312	[1033, 8688, 5289, 3453, 3377]
1317	[125, 9061, 8184, 2632, 6695]
1319	[546, 2485, 5624, 7777, 5436]
1328	[6240, 72, 9573, 8721, 6885]
1329	[6331, 4884, 3134, 9265, 1508]
1330	[431, 6850, 5856, 3905, 1579]
1334	[7113, 782, 6432, 8536, 357]
1338	[7102, 6581, 7550, 7554, 6803]
1350	[8793, 2372, 985, 448, 3330]
1352	[6715, 3691, 7683, 3283, 8169]
1357	[6404, 694, 1439, 8098, 3922]
1358	[6538, 5856, 3797, 103, 6850]
1364	[3674, 9636, 1887, 3229, 8198]
1376	[4631, 2206, 3961, 141, 8531]
1377	[9647, 5549, 4396, 6668, 4352]
1383	[5864, 2895, 7234, 5152, 103]
1389	[4013, 4726, 4390, 6823, 430]
1391	[6850, 431, 3797, 6538, 103]
1393	[316, 1887, 5505, 5531, 9286]
1400	[5418, 8663, 9335, 6605, 2426]
1402	[5864, 7234, 356, 103, 6538]
1406	[9980, 8199, 1915, 7217, 355]
1410	[9807, 6275, 4004, 4333, 876]
1419	[8069, 1632, 1412, 6822, 4616]
1425	[9494, 8404, 8826, 8734, 1693]
1426	[9667, 5949, 3080, 45, 4875]
1436	[1430, 9607, 6823, 2715, 6192]
1441	[2687, 6870, 9451, 5106, 494]
1449	[7996, 8394, 6155, 4353, 763]
1451	[7217, 9980, 2312, 5279, 8199]
1454	[2093, 4068, 1029, 9231, 5768]
1460	[9056, 111, 2613, 2992, 5268]
1464	[431, 6538, 356, 6316, 4657]
1468	[7206, 3507, 3256, 8431, 979]
1471	[6796, 5262, 855, 7086, 5237]
1479	[1469, 3303, 9569, 7286, 8791]
1487	[6796, 5262, 2790, 855, 7086]
1488	[9494, 8404, 9941, 8734, 5331]
1502	[4894, 2754, 3196, 6136, 3790]
1504	[8506, 4289, 2690, 4524, 2927]
1505	[116, 7806, 1552, 5604, 7220]
1510	[7539, 9682, 5188, 1841, 9055]
1514	[866, 9451, 6300, 1932, 7336]
1522	[9537, 2931, 4685, 909, 3220]
1528	[923, 9749, 5824, 465, 1564]
1530	[7210, 6450, 8977, 2974, 519]
1537	[2735, 1859, 2393, 4122, 2160]
1541	[3847, 5277, 8118, 687, 5884]
1543	[5505, 1890, 5441, 4980, 2346]
1544	[4748, 9569, 4814, 2973, 8206]
1548	[2415, 7110, 3382, 5834, 8515]
1566	[9305, 5647, 8380, 3942, 9848]
1569	[431, 6850, 103, 1677, 5516]
1570	[1209, 2437, 4365, 4086, 8093]
1571	[3127, 7312, 506, 3402, 8519]
1580	[1290, 7035, 1534, 2685, 307]
1584	[6000, 4236, 302, 2399, 4990]
1588	[2802, 7452, 4357, 9471, 5441]
1590	[5920, 9317, 5572, 6502, 6646]
1592	[2034, 5845, 7454, 7738, 5977]
1595	[4888, 9307, 4967, 9653, 7045]
1603	[5441, 715, 8133, 545, 2984]
1608	[6185, 4358, 6274, 2812, 1076]
1613	[5666, 4004, 4333, 3167, 2628]
1615	[4094, 2271, 9721, 470, 7952]
1616	[9395, 177, 1581, 6819, 9451]
1617	[7540, 7550, 3338, 7478, 6093]
1620	[1855, 1261, 5658, 3576, 2019]
1630	[4674, 8103, 2298, 290, 3855]
1635	[1539, 3895, 4637, 1433, 9719]
1637	[4478, 785, 9705, 4811, 9730]
1638	[1989, 9850, 7303, 4391, 1810]
1640	[5768, 6725, 8153, 3865, 4195]
1643	[461, 6709, 8703, 6906, 9202]
1646	[2182, 9224, 2895, 4463, 7757]
1647	[4093, 9087, 8422, 7607, 1076]
1656	[2421, 4514, 7585, 7738, 260]
1664	[4156, 8498, 826, 1111, 5241]
1681	[7520, 1020, 3233, 5212, 2981]
1689	[1746, 8673, 1548, 4008, 2921]
1693	[436, 7269, 3384, 6871, 6005]
1698	[6604, 9960, 7601, 9961, 3110]
1705	[2949, 7722, 3061, 3237, 9481]
1707	[3490, 8221, 6100, 5076, 9311]
1710	[6810, 9779, 2032, 5212, 316]
1711	[2605, 863, 149, 3239, 3452]
1712	[7846, 1821, 5469, 1445, 8902]
1714	[8730, 7208, 196, 3250, 8357]
1724	[8411, 5212, 9903, 2032, 2685]
1728	[7610, 9165, 3467, 2842, 1877]
1729	[3413, 9928, 6809, 6303, 8564]
1734	[5980, 293, 4385, 6100, 2964]
1736	[4425, 2426, 3284, 6995, 7526]
1743	[9980, 7217, 2312, 5279, 8199]
1747	[5422, 8060, 4325, 7893, 196]
1748	[5920, 9317, 191, 3625, 8185]
1755	[4156, 8498, 826, 1111, 5241]
1757	[7239, 7796, 4395, 7708, 7921]
1764	[1793, 4989, 5097, 9619, 2598]
1772	[4888, 1373, 316, 9779, 9653]
1781	[4624, 3143, 6908, 9487, 8094]
1782	[7538, 4433, 797, 1504, 9553]
1796	[5422, 2338, 4268, 1282, 7365]
1807	[7161, 5417, 672, 2132, 2157]
1810	[8137, 5441, 8633, 6155, 4516]
1811	[9944, 4144, 5218, 7920, 8667]
1814	[6849, 4884, 6327, 5760, 2153]
1815	[9645, 1279, 8887, 5095, 5179]
1824	[3252, 6755, 2856, 1972, 2917]
1827	[3557, 293, 6350, 2579, 5505]
1830	[8380, 386, 4341, 4752, 9290]
1832	[2800, 4633, 7629, 9633, 4897]
1834	[9182, 6595, 5077, 6591, 8012]
1842	[9318, 6599, 1219, 9809, 7027]
1843	[3298, 2402, 2571, 9711, 9092]
1854	[6038, 3813, 6780, 6725, 7644]
1859	[7732, 672, 618, 5263, 8109]
1865	[5102, 5441, 6860, 6994, 7380]
1869	[3490, 1103, 4854, 9129, 7513]
1887	[1615, 1972, 7033, 3453, 6823]
1889	[5616, 5042, 569, 9710, 9981]
1891	[441, 5962, 6150, 3119, 1963]
1892	[8313, 6066, 1393, 7972, 7848]
1894	[103, 1677, 9773, 431, 1579]
1897	[9307, 5329, 2723, 2040, 960]
1899	[9361, 530, 9088, 2905, 8269]
1906	[582, 9446, 6165, 9200, 3409]
1909	[431, 5856, 6850, 3797, 9773]
1913	[9231, 2093, 5768, 2015, 5680]
1916	[9627, 5977, 9451, 177, 7663]
1919	[6039, 6538, 6850, 3905, 4657]
1930	[8069, 1412, 6822, 4616, 1632]
1932	[1278, 2535, 5631, 8577, 3338]
1944	[3945, 2710, 1537, 1125, 4587]
1945	[7921, 3127, 1033, 9004, 7141]
1947	[797, 4433, 171, 3930, 1534]
1949	[5547, 595, 4811, 9325, 2325]
1951	[8903, 4413, 4631, 765, 9711]
1954	[5666, 316, 9587, 9609, 6275]
1955	[5758, 2310, 76, 4942, 9760]
1956	[3895, 1539, 8746, 4221, 4139]
1963	[2628, 5666, 4004, 4333, 316]
1968	[4888, 7452, 8280, 4439, 3277]
1969	[1463, 2154, 7015, 7360, 8647]
1972	[1198, 6295, 8919, 862, 5898]
1978	[431, 4657, 662, 3905, 5856]
1983	[8069, 4616, 1412, 6822, 1632]
1984	[3758, 7868, 6816, 4859, 4910]
1985	[9407, 1021, 5523, 4573, 3035]
1993	[9944, 5855, 4935, 4144, 7920]
1999	[9901, 1708, 6500, 6883, 2744]
2007	[662, 103, 3008, 5734, 3960]
2013	[9447, 7225, 3936, 2536, 6041]
2014	[746, 8343, 3658, 6545, 7019]
2027	[5744, 8214, 3990, 2552, 3020]
2046	[3919, 3985, 6219, 9987, 5770]
2060	[9471, 3697, 1893, 4398, 7045]
2067	[6989, 4948, 4003, 6363, 8590]
2077	[8244, 9259, 2458, 163, 3860]
2078	[2546, 4290, 4085, 3814, 4494]
2080	[3300, 6237, 5826, 7335, 3629]
2088	[4674, 6524, 4035, 609, 3855]
2102	[7936, 6213, 2259, 8647, 9887]
2104	[1405, 6461, 6370, 1019, 9244]
2108	[3364, 1050, 635, 1924, 3210]
2120	[9796, 3621, 3583, 7526, 3633]
2129	[8226, 5617, 1918, 3294, 598]
2130	[8656, 9609, 4006, 5940, 8544]
2134	[9773, 103, 1677, 431, 5856]
2135	[2505, 860, 6170, 6615, 7432]
2147	[2415, 7286, 1044, 8284, 2088]
2150	[9892, 6143, 5739, 4874, 3215]
2152	[7161, 3233, 6946, 2117, 9134]
2164	[5010, 9481, 4398, 501, 6017]
2184	[3718, 1998, 5107, 7775, 4725]
2191	[3057, 6585, 4095, 9698, 7738]
2199	[2355, 5268, 3994, 4809, 30]
2201	[4631, 3907, 774, 5593, 1550]
2202	[1118, 2046, 6764, 8503, 8267]
2206	[8884, 6246, 4395, 1595, 4760]
2216	[7706, 2341, 8608, 6322, 1365]
2223	[2454, 8545, 7748, 1370, 7608]
2224	[5179, 1279, 1141, 6411, 5095]
2234	[4941, 2096, 9204, 7802, 3196]
2236	[9537, 3908, 9336, 4853, 9689]
2238	[4199, 7909, 27, 3549, 2375]
2248	[4662, 683, 9072, 8431, 817]
2251	[7206, 3507, 8431, 9019, 979]
2260	[8730, 260, 5465, 6134, 9318]
2261	[6096, 8706, 2430, 4237, 6145]
2262	[8749, 5928, 4612, 95, 6236]
2263	[6572, 5430, 6630, 7680, 7681]
2266	[2132, 5417, 672, 9553, 6752]
2267	[672, 7520, 5417, 7161, 3233]
2270	[2339, 3144, 2764, 6479, 7602]
2273	[5760, 891, 2213, 6327, 8882]
2278	[7773, 1980, 8220, 9350, 6372]
2289	[1989, 9850, 4088, 3964, 5856]
2290	[9614, 1503, 9100, 953, 2214]
2294	[8227, 2840, 8874, 6572, 7598]
2300	[116, 7806, 7220, 5678, 5646]
2311	[7330, 147, 859, 4653, 9311]
2316	[4987, 466, 285, 8871, 4309]
2319	[2687, 6696, 5977, 6253, 2034]
2320	[4045, 3086, 8809, 1026, 8496]
2323	[3948, 55, 3638, 1682, 6405]
2326	[1293, 3364, 1050, 4013, 5382]
2328	[1528, 9972, 9557, 2308, 9172]
2331	[5534, 8625, 4875, 4497, 34]
2335	[1887, 6751, 3229, 8894, 5430]
2339	[5226, 3725, 8387, 7027, 8621]
2342	[8180, 3008, 6703, 8006, 8094]
2350	[1789, 4546, 9011, 2198, 9443]
2353	[879, 1359, 1988, 618, 4742]
2358	[3338, 3684, 8867, 6778, 4341]
2375	[8794, 9102, 1760, 687, 1343]
2376	[4188, 9266, 8140, 67, 8280]
2379	[2862, 8919, 1530, 5898, 999]
2383	[817, 4662, 2723, 9072, 3595]
2386	[6250, 2371, 1955, 3124, 6977]
2387	[3330, 4114, 9220, 2974, 692]
2388	[5782, 9456, 7314, 5610, 8519]
2391	[6991, 9004, 9588, 5100, 430]
2395	[3633, 7990, 7287, 2426, 9198]
2400	[308, 4531, 3922, 8148, 1415]
2404	[1539, 3895, 5664, 9719, 961]
2405	[746, 6261, 2467, 8343, 5809]
2414	[9141, 2610, 5975, 9972, 9172]
2415	[436, 6005, 8068, 4322, 8693]
2417	[6588, 5558, 4458, 578, 8484]
2433	[7375, 6394, 7430, 2095, 279]
2442	[7663, 2626, 5977, 1357, 7566]
2454	[7532, 7141, 2567, 7990, 5436]
2458	[3637, 3423, 5457, 1146, 9621]
2459	[3053, 1812, 5322, 45, 4415]
2467	[3364, 5970, 5192, 5382, 7311]
2477	[9995, 1083, 8423, 6870, 8010]
2482	[929, 7027, 4615, 1210, 5644]
2486	[7865, 8910, 3210, 4677, 5300]
2489	[2454, 1370, 927, 8780, 4535]
2490	[1963, 375, 6555, 9137, 8084]
2492	[9633, 6006, 1165, 6184, 9673]
2493	[1555, 8847, 9800, 6313, 7335]
2500	[255, 7589, 825, 5169, 5116]
2506	[431, 6850, 3905, 3697, 5856]
2512	[5397, 5244, 2880, 3128, 4424]
2513	[1572, 9665, 8126, 9588, 8519]
2524	[5851, 6453, 75, 6569, 7127]
2526	[8093, 7238, 3913, 6911, 6017]
2529	[5297, 9126, 929, 997, 6134]
2530	[8156, 8425, 5927, 3249, 9776]
2532	[709, 3766, 8732, 8045, 4051]
2533	[2981, 5502, 8413, 8394, 3577]
2535	[6924, 3123, 2986, 3656, 5644]
2540	[4006, 9609, 6275, 5666, 6756]
2546	[1430, 9168, 6879, 5208, 3199]
2547	[836, 6971, 40, 8439, 3725]
2548	[2259, 6883, 8647, 7936, 9705]
2557	[5498, 7706, 6322, 1365, 5865]
2558	[4674, 4035, 4184, 6524, 9908]
2562	[2981, 6170, 229, 3577, 5168]
2571	[943, 7650, 8126, 3926, 6903]
2574	[5864, 5283, 4657, 6538, 5856]
2576	[2355, 801, 7636, 1432, 1151]
2577	[4093, 9087, 8422, 7607, 1076]
2578	[3464, 5970, 3987, 5361, 2643]
2589	[8337, 2412, 9417, 6581, 6093]
2592	[8184, 3551, 6565, 7588, 4369]
2597	[8302, 7438, 8261, 7295, 183]
2599	[3364, 7039, 7201, 1510, 1050]
2614	[944, 2844, 9416, 7572, 2758]
2617	[3691, 6715, 7683, 9086, 8169]
2622	[6765, 2167, 5390, 5591, 3713]
2623	[8688, 1033, 9932, 3819, 8153]
2629	[3364, 8414, 1396, 3576, 337]
2631	[2950, 7311, 2484, 9224, 2182]
2648	[7707, 8118, 9152, 2629, 6190]
2657	[4079, 4734, 8707, 7353, 7594]
2658	[8206, 6818, 8867, 8898, 2973]
2659	[431, 6850, 3697, 3905, 3797]
2661	[9261, 3669, 4460, 2946, 8150]
2672	[1210, 5465, 7336, 8357, 591]
2673	[3674, 8701, 2396, 1887, 9636]
2675	[7113, 782, 5109, 5809, 325]
2680	[5758, 4942, 76, 9819, 6911]
2687	[9305, 9779, 6370, 1623, 3986]
2688	[1998, 3718, 7775, 8649, 5107]
2690	[6804, 5896, 5704, 2821, 6557]
2696	[8539, 7082, 9171, 6074, 2818]
2697	[9569, 5633, 7834, 5530, 4748]
2711	[7225, 9447, 506, 763, 8547]
2713	[2950, 1954, 4718, 5259, 8373]
2714	[2298, 7218, 4674, 7016, 4424]
2720	[5786, 113, 3435, 8640, 1403]
2725	[879, 1359, 618, 6353, 6496]
2726	[9072, 3507, 817, 4662, 7221]
2751	[9890, 5762, 9808, 8598, 4285]
2757	[3749, 3800, 9168, 3936, 5430]
2768	[6850, 431, 5856, 5516, 3797]
2769	[6538, 3797, 1674, 4166, 3584]
2778	[7416, 8446, 378, 9626, 9753]
2779	[4623, 4752, 6157, 3612, 3970]
2781	[1210, 4615, 22, 2119, 556]
2787	[5054, 5833, 9793, 5976, 117]
2795	[1955, 2371, 6977, 3124, 2369]
2799	[7426, 2644, 7827, 2850, 1318]
2804	[4398, 3697, 6538, 356, 3797]
2808	[5744, 3020, 2552, 8214, 3990]
2811	[8613, 8973, 5813, 9872, 5743]
2814	[7625, 7788, 246, 2048, 7077]
2815	[1998, 4725, 9630, 7775, 5653]
2817	[7364, 2383, 7920, 1536, 3648]
2819	[3364, 1050, 3210, 4677, 2277]
2825	[8540, 9653, 7520, 383, 7452]
2827	[3516, 3977, 5138, 5370, 9674]
2837	[3565, 5039, 9538, 7345, 145]
2840	[1954, 2950, 9008, 1510, 7201]
2869	[642, 1028, 842, 8508, 2349]
2873	[9016, 2332, 9172, 3059, 7190]
2876	[2215, 3575, 4023, 9157, 9406]
2877	[5442, 9266, 67, 3852, 1476]
2878	[6647, 3009, 8195, 1883, 8996]
2884	[6070, 3994, 1296, 9483, 3269]
2885	[103, 1677, 5856, 9773, 4398]
2886	[2997, 6923, 384, 349, 7263]
2887	[2201, 9217, 4353, 2919, 4349]
2892	[6808, 516, 2399, 9304, 8151]
2894	[1774, 7671, 519, 6900, 1171]
2897	[8793, 2547, 2372, 9587, 4095]
2902	[3628, 2752, 9865, 100, 5885]
2905	[9157, 6155, 5267, 9010, 5208]
2918	[7375, 7835, 4001, 5164, 5899]
2931	[6948, 6281, 2779, 1714, 5528]
2936	[746, 9273, 7310, 4972, 6545]
2943	[9014, 9272, 8802, 9365, 9390]
2944	[824, 6789, 1995, 341, 6764]
2947	[3797, 6538, 9773, 1677, 103]
2950	[7528, 709, 8732, 5115, 6577]
2957	[9779, 3797, 9553, 3791, 2435]
2963	[2170, 5069, 6494, 9036, 9372]
2973	[7491, 6007, 261, 5230, 1929]
2979	[3622, 4796, 8340, 3707, 6505]
2988	[1737, 3881, 8361, 3241, 7966]
2995	[2467, 5394, 8139, 3079, 4014]
3001	[431, 6850, 6538, 103, 5516]
3002	[431, 5856, 103, 1677, 8180]
3008	[3229, 1887, 9168, 7173, 9447]
3016	[7648, 3402, 4728, 9933, 3633]
3029	[4979, 9581, 1974, 9704, 1515]
3030	[6604, 9545, 9960, 3110, 612]
3034	[7848, 4715, 4906, 6066, 7645]
3040	[1776, 9636, 4648, 2291, 8909]
3042	[255, 4725, 5116, 3718, 7775]
3048	[9890, 2955, 5328, 4939, 2947]
3058	[5824, 1556, 1510, 6305, 7311]
3065	[171, 7014, 4582, 4137, 3264]
3066	[4017, 2734, 785, 4784, 6680]
3071	[4899, 9851, 8057, 4674, 2507]
3077	[672, 9040, 9725, 5417, 9779]
3078	[5706, 604, 7085, 9607, 5335]
3083	[7388, 2845, 2862, 999, 7368]
3092	[9474, 2200, 4292, 4422, 2367]
3093	[3425, 8121, 7427, 4980, 93]
3099	[2546, 4290, 6045, 2849, 4494]
3100	[879, 7117, 1359, 618, 1988]
3101	[4736, 7200, 8527, 4354, 346]
3103	[6784, 6422, 7559, 5705, 2567]
3110	[1677, 2895, 6538, 5856, 7757]
3116	[8842, 5718, 5248, 290, 149]
3126	[2467, 5394, 7019, 7636, 1424]
3128	[4587, 3945, 2872, 1482, 2710]
3129	[6185, 4358, 1076, 6274, 2812]
3134	[5331, 4857, 3235, 6530, 6161]
3139	[1742, 6742, 7012, 8728, 5170]
3159	[1539, 9719, 5976, 5664, 5677]
3161	[3776, 504, 2805, 3340, 3826]
3162	[9620, 1635, 7362, 2715, 9089]
3163	[9317, 8185, 5920, 1699, 6528]
3167	[5930, 2119, 5393, 9451, 6300]
3170	[879, 1412, 8069, 4798, 7117]
3174	[3330, 9863, 4427, 2714, 8949]
3187	[3827, 5901, 5929, 2935, 5109]
3189	[3107, 4611, 5142, 3984, 2032]
3193	[2348, 7510, 1258, 6885, 149]
3194	[7032, 5002, 996, 5782, 6667]
3196	[1539, 9719, 5664, 5405, 578]
3197	[3883, 3483, 3263, 1465, 8377]
3201	[316, 2628, 9609, 3167, 3565]
3205	[7610, 3467, 2842, 8680, 331]
3210	[431, 6850, 3584, 4166, 8094]
3215	[5179, 88, 1141, 1279, 6411]
3219	[6850, 662, 3697, 5516, 4398]
3224	[9040, 171, 9296, 5928, 960]
3249	[9299, 7755, 8687, 9389, 4708]
3251	[1491, 3200, 6094, 7883, 2120]
3256	[6804, 5896, 4252, 8870, 4489]
3258	[3765, 8051, 9456, 171, 7215]
3259	[6080, 4066, 8126, 6991, 9089]
3260	[6141, 7910, 1979, 3137, 787]
3265	[1460, 6279, 7473, 8431, 9674]
3269	[3183, 2398, 4071, 8198, 618]
3274	[5422, 2338, 7893, 8060, 7365]
3278	[666, 7345, 8232, 2082, 7042]
3280	[8327, 3764, 3543, 261, 4334]
3288	[9310, 2133, 806, 7141, 9059]
3291	[8280, 9390, 9365, 1755, 5000]
3303	[6538, 182, 431, 3797, 5856]
3310	[1210, 5930, 2119, 9104, 4870]
3314	[3364, 1050, 5583, 1924, 1748]
3316	[1979, 1461, 1145, 1150, 4324]
3324	[618, 7732, 7373, 2197, 2319]
3326	[8594, 1635, 7439, 9738, 6899]
3329	[4960, 129, 7858, 5872, 5526]
3330	[1963, 375, 2476, 8084, 6555]
3331	[7208, 5465, 8940, 1580, 4263]
3339	[2463, 3866, 8126, 8176, 3284]
3340	[4362, 2282, 4643, 6544, 5034]
3344	[1789, 2198, 5979, 9443, 9750]
3345	[595, 5547, 5885, 2325, 4582]
3346	[7300, 571, 1137, 4228, 5052]
3348	[8849, 5212, 6642, 9903, 2032]
3355	[9141, 2610, 5975, 5503, 6761]
3363	[8327, 3764, 3543, 261, 9403]
3367	[5212, 7105, 6642, 1401, 2032]
3370	[316, 9609, 4807, 5666, 9701]
3374	[3945, 7135, 2710, 4587, 6926]
3375	[3718, 991, 7775, 2829, 4131]
3378	[1020, 7520, 3277, 2870, 7314]
3385	[1887, 3229, 8404, 5531, 5430]
3389	[8637, 6600, 6380, 6742, 5151]
3390	[4113, 6536, 7702, 9328, 7153]
3418	[6275, 876, 1373, 4415, 5329]
3426	[4230, 4716, 95, 1100, 2676]
3428	[109, 9047, 3135, 7135, 5466]
3430	[2482, 2197, 5417, 672, 812]
3431	[7416, 9487, 274, 3575, 1461]
3442	[7126, 3656, 6806, 8163, 1508]
3449	[8311, 7807, 4645, 1622, 6454]
3453	[3340, 3776, 504, 2805, 3689]
3458	[8054, 5224, 1765, 1500, 4703]
3464	[6693, 2431, 1013, 4060, 1917]
3467	[3919, 3656, 7126, 6219, 8163]
3469	[5089, 5047, 1083, 6870, 8423]
3479	[5430, 3865, 9168, 3749, 6572]
3481	[459, 6874, 7274, 139, 2505]
3486	[260, 3887, 3050, 6134, 8730]
3487	[5547, 6922, 7557, 3934, 595]
3488	[5758, 5892, 76, 3845, 4942]
3493	[8977, 7454, 6450, 495, 2520]
3498	[7797, 9987, 5189, 4884, 3887]
3499	[1372, 688, 844, 8179, 7601]
3501	[7225, 9447, 7906, 6545, 9168]
3502	[3718, 2290, 1998, 5014, 8649]
3504	[1755, 8280, 3248, 9390, 2972]
3506	[709, 3322, 7528, 4010, 8045]
3519	[7225, 9168, 9447, 5430, 3936]
3523	[9665, 8725, 5610, 1572, 8688]
3532	[9890, 3820, 308, 8578, 7725]
3537	[9627, 5524, 6819, 7942, 9451]
3542	[2677, 8264, 6528, 860, 6900]
3547	[6756, 4006, 7631, 2948, 2871]
3555	[8220, 1980, 4337, 2151, 7773]
3557	[3364, 1050, 5583, 1748, 9929]
3560	[1141, 5179, 5095, 6411, 7201]
3563	[2212, 3453, 1352, 9801, 4034]
3566	[879, 7117, 1359, 1542, 4798]
3568	[8842, 7404, 1236, 7263, 8640]
3574	[4657, 6538, 6316, 5856, 3701]
3579	[5385, 9406, 1408, 4980, 481]
3590	[3621, 3583, 7287, 5557, 7526]
3606	[8648, 7203, 4447, 5426, 5135]
3609	[445, 6984, 690, 1439, 1225]
3614	[6045, 5387, 9055, 1594, 4949]
3618	[2856, 6884, 6020, 779, 8348]
3619	[9936, 952, 4478, 3182, 9410]
3620	[2765, 430, 6823, 3695, 648]
3621	[4941, 3196, 8491, 2096, 9204]
3623	[2117, 6157, 8885, 509, 1455]
3629	[650, 7368, 2346, 3987, 9645]
3631	[8730, 196, 591, 5010, 9577]
3639	[4749, 8800, 7538, 821, 1147]
3640	[5534, 4898, 8625, 5639, 2972]
3646	[9290, 4752, 8380, 4341, 386]
3647	[1100, 8674, 4612, 3305, 834]
3658	[2795, 2197, 672, 5417, 8109]
3661	[4939, 8984, 8502, 6515, 2972]
3667	[3921, 439, 2548, 1204, 1228]
3671	[7851, 5796, 8423, 5865, 832]
3674	[5397, 5244, 2880, 4424, 6153]
3676	[3749, 3800, 1702, 8894, 1887]
3679	[7569, 1945, 990, 3278, 5322]
3682	[9006, 5779, 6206, 1093, 8640]
3684	[4192, 9525, 5929, 3827, 2166]
3701	[5760, 5625, 3259, 4153, 1820]
3704	[9760, 6461, 1623, 9667, 5465]
3710	[3797, 6538, 356, 431, 3960]
3713	[1781, 268, 2108, 2008, 7670]
3716	[1293, 1166, 3591, 4390, 2528]
3730	[3159, 3642, 3360, 3876, 8722]
3731	[7469, 3063, 2992, 8940, 6847]
3733	[2950, 1954, 3364, 7586, 1050]
3742	[2935, 5901, 2132, 3827, 2117]
3745	[2415, 7110, 3382, 8515, 5834]
3750	[984, 9917, 9966, 4645, 3860]
3758	[4738, 4427, 6450, 7804, 2674]
3763	[9310, 2133, 6493, 1449, 806]
3775	[7150, 1790, 701, 2969, 2224]
3776	[2845, 7388, 3777, 8535, 7912]
3786	[7777, 8788, 7708, 4972, 5924]
3787	[6989, 4003, 8867, 2973, 8206]
3793	[5828, 252, 7525, 5288, 6100]
3797	[1384, 3987, 9636, 8762, 6450]
3804	[1210, 4615, 336, 2119, 22]
3809	[7045, 4345, 7961, 5073, 717]
3815	[8311, 6574, 4645, 7807, 6454]
3818	[5393, 5930, 8069, 6822, 3641]
3827	[5592, 7980, 272, 7585, 283]
3830	[8842, 5718, 6841, 863, 8040]
3833	[6096, 2430, 8706, 4237, 7066]
3839	[4694, 7586, 881, 9224, 2182]
3849	[5970, 1050, 3364, 1510, 6305]
3863	[7225, 9447, 2536, 7559, 3511]
3867	[1572, 5102, 6915, 9588, 2989]
3869	[6816, 7756, 6170, 5339, 8280]
3870	[8224, 1091, 2377, 1112, 764]
3873	[4456, 2191, 2437, 2057, 1276]
3879	[5610, 1572, 5782, 9665, 5133]
3885	[6946, 812, 5417, 672, 7161]
3886	[4511, 3452, 1236, 5160, 7263]
3888	[7113, 1424, 5047, 7299, 9971]
3889	[3170, 3543, 3131, 7702, 4699]
3890	[340, 9127, 2701, 6788, 776]
3892	[2132, 672, 9040, 5417, 9553]
3893	[1367, 9848, 8348, 6684, 3004]
3905	[5179, 4521, 6635, 6471, 6202]
3907	[7936, 6213, 8647, 2259, 6974]
3910	[4888, 4967, 2310, 1373, 316]
3911	[6924, 3123, 2986, 857, 3656]
3920	[5796, 7432, 2505, 8701, 519]
3922	[4045, 2078, 5409, 3086, 8369]
3924	[5680, 28, 144, 5952, 3099]
3926	[591, 6585, 4263, 8730, 4268]
3928	[2856, 1972, 3252, 6755, 6192]
3929	[2271, 4783, 9721, 4094, 7952]
3930	[3379, 4398, 6461, 111, 7665]
3931	[8686, 6331, 7797, 9577, 8159]
3936	[7346, 5352, 9134, 7362, 430]
3937	[1236, 9641, 5085, 2880, 9033]
3939	[201, 5060, 179, 6331, 280]
3941	[5865, 7706, 6322, 8608, 1948]
3944	[6450, 7454, 2337, 8045, 2291]
3945	[1236, 657, 1403, 202, 924]
3947	[1093, 1519, 6339, 8540, 3269]
3948	[3515, 2429, 3163, 5359, 5862]
3954	[7162, 5457, 4173, 7461, 3483]
3957	[1533, 9584, 4342, 2259, 8170]
3962	[6324, 7433, 5779, 3826, 6206]
3972	[8707, 9251, 3214, 6812, 4079]
3973	[1463, 2154, 7015, 8647, 7137]
4006	[3764, 1404, 3237, 8649, 429]
4007	[5102, 6947, 8220, 1980, 7765]
4019	[8649, 5107, 3718, 7775, 1998]
4021	[2320, 8671, 4285, 2592, 4581]
4022	[836, 6971, 8439, 4104, 5647]
4023	[316, 9609, 876, 2628, 3167]
4026	[1612, 111, 1401, 4967, 1019]
4027	[7225, 9168, 3936, 9520, 3749]
4029	[5970, 8517, 1510, 5441, 787]
4038	[8423, 9476, 8296, 6414, 8477]
4043	[3758, 7868, 6816, 4859, 7756]
4052	[923, 5824, 8517, 465, 1510]
4053	[764, 1784, 4309, 1359, 8992]
4055	[5547, 7557, 595, 5390, 3119]
4056	[4406, 3279, 9318, 7027, 6599]
4059	[4238, 7229, 1953, 1741, 3248]
4065	[1887, 5531, 1003, 6909, 6751]
4076	[3307, 3269, 5021, 1459, 1502]
4078	[4612, 1100, 501, 1147, 8674]
4081	[8094, 6863, 3905, 1710, 5734]
4085	[9360, 8533, 9916, 6157, 9422]
4086	[260, 383, 8940, 5612, 1093]
4089	[2845, 5710, 7388, 8535, 5058]
4092	[8216, 5187, 5900, 3355, 4070]
4093	[3666, 2, 5930, 5414, 9337]
4097	[1873, 5744, 3020, 5305, 2552]
4098	[6791, 720, 4035, 3353, 2882]
4107	[4868, 4010, 9366, 6592, 2505]
4109	[8122, 4260, 5459, 9481, 9958]
4110	[5074, 2994, 5165, 3961, 5491]
4120	[198, 9168, 3749, 3674, 3936]
4126	[5633, 9040, 7048, 8563, 171]
4135	[5811, 7089, 4153, 5508, 2112]
4148	[268, 1151, 2337, 6450, 8477]
4155	[4888, 316, 5073, 1373, 3077]
4156	[2546, 4735, 4085, 6017, 2920]
4157	[2766, 9993, 7201, 1337, 8099]
4160	[6850, 431, 6538, 5856, 3797]
4168	[879, 5891, 1542, 7117, 4798]
4169	[9141, 3431, 7971, 4208, 758]
4173	[2881, 5411, 4974, 5683, 8280]
4174	[2952, 9476, 6641, 7075, 8423]
4182	[6164, 1440, 7238, 4553, 7344]
4183	[8793, 2547, 2338, 4095, 3585]
4187	[9379, 1390, 1284, 5558, 9719]
4203	[3688, 7218, 4264, 113, 156]
4204	[9905, 431, 2077, 5856, 1677]
4208	[6711, 2981, 3454, 2945, 1604]
4218	[8079, 8345, 1515, 6259, 6620]
4219	[6545, 746, 9155, 3650, 5924]
4228	[6502, 7141, 8347, 5572, 317]
4235	[4199, 8798, 6280, 9043, 4279]
4238	[1595, 2426, 7921, 3494, 996]
4241	[445, 690, 6521, 7908, 2923]
4244	[3674, 8701, 1887, 9636, 1253]
4245	[898, 9436, 9077, 4154, 5228]
4253	[3328, 8585, 8991, 7179, 2968]
4257	[8220, 4337, 6372, 9350, 7773]
4258	[9210, 483, 210, 1317, 652]
4269	[1350, 9650, 5827, 1720, 5926]
4270	[431, 6850, 8094, 9773, 3983]
4273	[6471, 1422, 3959, 2610, 1310]
4275	[7228, 1310, 902, 8659, 342]
4278	[3539, 381, 1002, 8609, 9324]
4281	[5372, 4517, 1431, 9633, 2800]
4287	[2845, 1823, 7580, 7388, 4379]
4291	[666, 7094, 7345, 7806, 5329]
4294	[7057, 2036, 1822, 3411, 1852]
4301	[5560, 9476, 5814, 6870, 9486]
4303	[7853, 1150, 1347, 1327, 1979]
4306	[1928, 6687, 937, 5167, 5336]
4307	[6693, 1823, 9636, 1207, 2062]
4310	[504, 3776, 2805, 7684, 3689]
4315	[3528, 4213, 1181, 6001, 9706]
4319	[1642, 1863, 4031, 9718, 615]
4326	[9905, 2077, 3701, 6538, 1674]
4339	[9847, 283, 1818, 4980, 441]
4341	[3167, 3565, 9701, 9609, 316]
4342	[1572, 1033, 4760, 8153, 284]
4345	[6604, 3543, 8901, 2613, 9960]
4349	[5643, 5543, 6842, 8432, 580]
4350	[1528, 9972, 9557, 653, 342]
4356	[504, 3776, 2805, 3340, 7469]
4361	[953, 9100, 1503, 9614, 2214]
4372	[1793, 1405, 7358, 1304, 6370]
4373	[6160, 2484, 4013, 6447, 1050]
4380	[8545, 349, 5596, 2179, 3218]
4382	[1559, 7116, 1574, 8408, 3420]
4385	[4628, 1818, 2783, 2738, 6502]
4393	[6850, 431, 5856, 3697, 1677]
4397	[8701, 3674, 2845, 5710, 6620]
4418	[2920, 9843, 1010, 8529, 4865]
4419	[2241, 5025, 3342, 3371, 296]
4421	[1516, 5892, 6919, 19, 6381]
4422	[4337, 7773, 3059, 6372, 9350]
4429	[9807, 6275, 5666, 4333, 4004]
4437	[8144, 3718, 2940, 6263, 5349]
4439	[9200, 5199, 9959, 5883, 7179]
4447	[1539, 3895, 9719, 6588, 5405]
4448	[5067, 6498, 5535, 4066, 7863]
4451	[8341, 210, 7192, 4285, 6644]
4452	[865, 9663, 3409, 2968, 1328]
4457	[6604, 3110, 4827, 9960, 7601]
4458	[5931, 7857, 9394, 4917, 8872]
4470	[9289, 668, 9892, 4874, 7699]
4472	[2546, 4735, 5915, 4085, 4290]
4474	[2952, 6641, 7075, 9476, 2708]
4475	[383, 9653, 2310, 9305, 9667]
4476	[3674, 8701, 1887, 1207, 3800]
4483	[9668, 5151, 1242, 1342, 7616]
4489	[3622, 4796, 884, 9591, 6505]
4490	[7580, 9427, 2845, 1823, 2556]
4497	[6870, 4435, 1549, 3920, 5524]
4498	[3284, 8126, 6080, 2715, 7708]
4510	[7752, 7387, 6436, 3587, 9882]
4511	[5397, 5244, 3798, 3128, 2880]
4518	[9612, 1097, 8882, 7797, 4884]
4519	[4567, 8128, 8693, 7927, 2021]
4529	[4909, 2666, 7166, 72, 4534]
4544	[8318, 9519, 4026, 290, 74]
4548	[1774, 7671, 1171, 3527, 519]
4549	[9178, 1994, 6740, 2619, 2842]
4564	[3364, 1050, 5583, 1510, 1602]
4574	[3364, 1050, 5970, 7010, 6947]
4578	[7915, 9434, 3127, 5610, 4452]
4580	[6387, 7045, 5440, 9730, 764]
4583	[1399, 9592, 2835, 5644, 6822]
4586	[3957, 755, 5804, 6990, 1060]
4594	[436, 7269, 2110, 6005, 8068]
4600	[4333, 4004, 9807, 5666, 7790]
4603	[5505, 2157, 7150, 5417, 3800]
4611	[6850, 431, 103, 5856, 3905]
4612	[666, 2082, 4540, 8658, 4143]
4614	[8163, 1508, 8686, 3656, 4884]
4620	[6179, 5148, 6981, 9290, 2936]
4630	[301, 5680, 144, 5508, 3509]
4659	[1639, 2858, 6089, 3767, 4605]
4665	[5159, 1791, 1349, 5716, 7335]
4669	[7387, 6436, 7752, 6157, 2331]
4670	[5601, 3438, 5855, 8780, 4511]
4673	[1612, 5970, 1510, 5692, 4270]
4674	[5508, 361, 6331, 3134, 8163]
4675	[2919, 2201, 1975, 3491, 5071]
4677	[316, 6100, 2964, 7613, 960]
4695	[8609, 7840, 1534, 1286, 3853]
4700	[1999, 1746, 5808, 8673, 4008]
4702	[4264, 5244, 9868, 868, 2298]
4704	[4365, 618, 3923, 3783, 2197]
4719	[7354, 9779, 383, 8540, 301]
4721	[3639, 7293, 91, 4494, 104]
4728	[6930, 366, 9829, 5373, 7940]
4733	[4125, 4332, 7360, 8436, 3314]
4735	[5301, 3583, 7990, 4760, 3633]
4747	[2920, 4949, 6054, 4735, 6045]
4750	[7016, 1830, 5397, 7841, 2298]
4753	[672, 1207, 1143, 3800, 1887]
4756	[61, 5200, 2730, 8400, 6917]
4759	[9037, 2862, 3777, 7892, 5898]
4775	[826, 4156, 5241, 8498, 1111]
4781	[4230, 4716, 1100, 95, 1038]
4805	[6902, 3890, 2552, 3020, 8214]
4809	[3454, 2981, 4655, 8280, 6170]
4810	[5678, 1789, 9014, 8232, 1552]
4812	[4212, 8010, 3920, 5814, 2328]
4821	[3972, 8310, 3502, 6558, 6158]
4836	[5039, 5401, 145, 6367, 5666]
4845	[1727, 1547, 2262, 4328, 8193]
4846	[3406, 7299, 5809, 9971, 746]
4847	[5054, 9793, 4798, 2213, 8746]
4848	[8498, 4156, 826, 1111, 5241]
4849	[3066, 5508, 4153, 2818, 8163]
4857	[826, 4156, 8498, 1111, 9866]
4861	[6970, 6999, 820, 8248, 5554]
4868	[2484, 1034, 3901, 9919, 4149]
4876	[609, 5892, 1767, 392, 3481]
4882	[431, 6850, 3797, 6538, 5856]
4885	[5666, 316, 6275, 9609, 876]
4886	[6054, 2920, 7293, 4949, 3193]
4891	[9665, 9456, 1033, 8434, 1730]
4901	[1980, 653, 6411, 102, 8700]
4909	[7707, 8118, 1760, 4363, 9048]
4912	[1076, 6185, 6274, 4358, 2812]
4921	[3364, 1050, 6877, 2165, 397]
4924	[9164, 3113, 262, 2752, 904]
4925	[6581, 4856, 6413, 2412, 7554]
4936	[7074, 2013, 383, 6461, 3562]
4943	[3583, 3621, 4913, 3633, 7990]
4946	[6039, 6538, 6850, 3697, 5856]
4949	[4189, 9305, 8081, 6691, 9115]
4950	[656, 4264, 2298, 5244, 9868]
4953	[3013, 877, 9571, 3054, 3905]
4957	[1401, 3984, 4540, 782, 2784]
4958	[7751, 1362, 4479, 6380, 5459]
4992	[4406, 6688, 3751, 3279, 9318]
4997	[1526, 9181, 6396, 8661, 6950]
4998	[1871, 22, 1632, 570, 8069]
5002	[5179, 1141, 88, 1279, 6411]
5008	[8069, 6822, 1632, 1412, 4616]
5011	[7225, 9447, 7906, 851, 5629]
5014	[8024, 3243, 517, 8832, 1270]
5019	[9494, 6070, 9444, 1745, 2984]
5023	[4006, 3330, 4114, 6100, 316]
5026	[6942, 8615, 4008, 1885, 1548]
5029	[2170, 5069, 6494, 3964, 3787]
5031	[5516, 9773, 431, 103, 6850]
5038	[4911, 3673, 1602, 3612, 7055]
5047	[1020, 8540, 3765, 7452, 6461]
5060	[260, 9338, 5007, 7111, 3216]
5061	[8069, 1632, 3641, 4616, 2835]
5064	[6756, 4006, 2948, 7489, 8544]
5066	[9001, 4669, 5605, 7939, 8582]
5071	[5076, 3994, 1176, 1340, 8221]
5086	[6688, 8069, 6800, 9338, 3641]
5096	[3613, 7458, 5397, 3688, 7218]
5097	[3362, 8458, 6562, 5116, 8144]
5102	[9627, 6819, 929, 2626, 4432]
5104	[2687, 6870, 6641, 7013, 9995]
5106	[3229, 1887, 9168, 2396, 7173]
5108	[6408, 8655, 9516, 4171, 72]
5114	[431, 6850, 103, 8094, 8006]
5115	[2481, 2072, 3741, 3811, 1795]
5121	[3960, 1460, 5734, 6316, 5501]
5131	[5770, 598, 1240, 9987, 3665]
5133	[1893, 2249, 6055, 3464, 764]
5135	[8092, 1494, 5796, 4810, 7152]
5142	[5044, 5151, 3746, 4462, 5458]
5148	[9451, 7293, 9244, 5007, 479]
5157	[8163, 3656, 9987, 5449, 3736]
5174	[3395, 5489, 9837, 2717, 8157]
5175	[5444, 9065, 6804, 9957, 7200]
5183	[3205, 7358, 7113, 2298, 8769]
5193	[4279, 7909, 6616, 280, 8178]
5194	[7217, 2312, 9980, 5279, 8663]
5198	[3054, 1579, 9571, 3905, 6850]
5203	[4251, 3980, 2174, 5571, 7304]
5217	[4694, 2767, 3471, 7586, 3364]
5228	[1491, 3200, 7883, 6094, 6332]
5234	[1980, 6202, 6235, 7773, 2308]
5235	[6850, 431, 5856, 3797, 5516]
5237	[3895, 1539, 5664, 967, 6017]
5251	[60, 1574, 7423, 1559, 3420]
5257	[7126, 5760, 6849, 4884, 9612]
5264	[9231, 693, 5606, 5799, 6780]
5265	[210, 9545, 4872, 685, 2575]
5267	[879, 7117, 1359, 4299, 4798]
5269	[3895, 1539, 7108, 4139, 4221]
5271	[8227, 2840, 2346, 7388, 7368]
5277	[70, 1461, 3416, 4175, 4324]
5283	[6538, 3797, 1677, 6039, 356]
5286	[3776, 504, 3689, 3878, 1495]
5294	[6756, 4006, 2871, 6560, 3825]
5303	[6810, 9307, 5647, 9443, 3188]
5306	[5418, 4292, 8163, 7753, 5320]
5307	[3974, 1007, 4261, 1496, 5254]
5312	[3766, 709, 8732, 8045, 5962]
5313	[2510, 4824, 50, 9900, 9042]
5319	[7220, 8506, 5336, 7603, 2347]
5321	[5758, 5918, 3637, 3845, 3523]
5329	[9961, 2475, 8910, 8858, 3210]
5331	[4069, 6630, 8146, 7559, 5507]
5336	[6870, 1721, 2455, 4668, 9831]
5350	[6878, 7287, 1572, 7900, 2769]
5352	[1118, 9249, 6955, 1626, 1310]
5353	[9741, 1440, 5591, 7344, 3713]
5354	[9006, 6206, 4266, 3649, 3950]
5356	[7469, 383, 4872, 6370, 6993]
5365	[6850, 4398, 3697, 662, 103]
5371	[3231, 665, 2305, 6841, 7404]
5380	[8432, 9576, 4355, 3855, 5397]
5382	[2628, 5666, 6275, 9609, 876]
5390	[7442, 5924, 2798, 3955, 2377]
5391	[6131, 9593, 4652, 4558, 9543]
5392	[5836, 9657, 8916, 4163, 3179]
5398	[3945, 1537, 2710, 1125, 4587]
5413	[2540, 7834, 2191, 3303, 2382]
5414	[5837, 5779, 1793, 9633, 4633]
5415	[1010, 8905, 1953, 1741, 7756]
5423	[9134, 7346, 5980, 5352, 6318]
5436	[210, 2804, 7741, 9545, 4872]
5445	[9494, 1207, 618, 9358, 6900]
5446	[3490, 316, 3565, 2981, 5153]
5450	[826, 9866, 3343, 5295, 4156]
5452	[8452, 7608, 19, 3452, 1258]
5460	[7210, 6913, 8035, 4835, 6450]
5464	[1310, 7228, 653, 342, 8344]
5469	[1210, 4615, 7045, 260, 8730]
5471	[3089, 545, 9433, 4516, 1552]
5476	[4406, 3117, 9318, 9809, 7027]
5486	[5758, 4942, 76, 4169, 5918]
5493	[4966, 8233, 5135, 8693, 8860]
5496	[4013, 4390, 8788, 7033, 430]
5500	[7132, 4822, 2999, 5815, 91]
5505	[8362, 7193, 8163, 4265, 3615]
5517	[8688, 1033, 1572, 9588, 8126]
5520	[3150, 721, 2978, 7850, 6966]
5522	[9465, 1982, 8958, 8513, 3411]
5527	[2449, 9230, 739, 6256, 8504]
5528	[3253, 1401, 3969, 2784, 3562]
5533	[6226, 9535, 4484, 1747, 3193]
5535	[2795, 2845, 5478, 2197, 7432]
5544	[171, 95, 7014, 9447, 6041]
5546	[595, 5547, 8447, 9235, 5885]
5548	[551, 5105, 5925, 170, 1230]
5549	[6784, 6422, 219, 5067, 8027]
5551	[7122, 260, 2338, 1630, 9321]
5556	[2801, 7408, 9751, 4461, 3930]
5557	[2982, 7408, 4645, 7479, 1469]
5558	[473, 8276, 3239, 4909, 8320]
5574	[1887, 3229, 9168, 2396, 7173]
5577	[9648, 9779, 4852, 3797, 753]
5578	[1554, 2629, 1082, 9477, 1760]
5581	[3229, 1887, 8198, 8701, 9168]
5583	[7479, 2867, 8990, 1444, 981]
5587	[1955, 3124, 2371, 6977, 6347]
5588	[3921, 3746, 7345, 3899, 6473]
5590	[6573, 2340, 6088, 3381, 3541]
5605	[2982, 6104, 4645, 5885, 4456]
5611	[379, 3028, 2399, 3717, 7408]
5617	[1980, 4337, 8220, 7765, 6372]
5618	[5652, 4068, 3174, 2475, 3047]
5621	[5786, 3435, 8640, 7276, 7404]
5624	[9571, 3054, 6538, 1579, 3013]
5628	[1614, 7797, 7019, 8993, 4401]
5630	[8327, 3061, 859, 1146, 3764]
5641	[6808, 516, 2801, 6417, 2399]
5643	[6594, 1604, 6985, 321, 4695]
5647	[5449, 3615, 9577, 4397, 8029]
5659	[3364, 1050, 4677, 2277, 1293]
5665	[1871, 22, 7783, 4615, 5638]
5669	[8762, 5058, 2346, 4864, 5874]
5681	[8163, 8686, 4884, 1508, 3134]
5687	[3355, 9999, 1151, 6050, 798]
5694	[2271, 4094, 9721, 470, 7952]
5695	[1755, 7688, 7330, 7131, 7020]
5696	[1463, 2154, 7015, 7137, 8647]
5699	[836, 40, 8439, 9809, 5644]
5700	[8092, 3713, 9741, 1494, 5591]
5703	[4991, 6334, 6181, 4465, 4353]
5709	[4094, 4783, 9721, 2271, 470]
5714	[1730, 9825, 7382, 2261, 5289]
5715	[3984, 3367, 6810, 2984, 5985]
5719	[6408, 72, 5345, 8655, 3801]
5721	[3190, 2094, 458, 4708, 1837]
5725	[1082, 1554, 3869, 3695, 6823]
5729	[668, 8432, 8810, 8352, 8891]
5733	[1979, 7581, 5115, 873, 7910]
5734	[5110, 7608, 8780, 5160, 1258]
5740	[8686, 1508, 8163, 3134, 4884]
5749	[7150, 672, 3800, 2132, 5478]
5757	[6499, 876, 5329, 3565, 316]
5767	[5856, 431, 6850, 3797, 5516]
5769	[5089, 5047, 5695, 5109, 3716]
5777	[2238, 8642, 2216, 8388, 7092]
5780	[6070, 1296, 2984, 4809, 9483]
5783	[3957, 5846, 1239, 6990, 936]
5785	[261, 8037, 308, 9056, 7469]
5786	[7206, 3507, 979, 5721, 3708]
5787	[6130, 809, 9976, 3656, 6327]
5791	[8079, 4087, 8345, 6620, 3519]
5802	[2765, 6991, 3946, 9073, 648]
5808	[6598, 8539, 9175, 7082, 6074]
5811	[2485, 748, 9848, 9004, 9730]
5814	[3983, 3905, 662, 103, 5856]
5816	[6850, 431, 103, 1677, 5516]
5817	[7117, 879, 6401, 8371, 1853]
5823	[3621, 7703, 5557, 7900, 7287]
5830	[5202, 2097, 4024, 4348, 7114]
5833	[7225, 9168, 3936, 3229, 9447]
5838	[9779, 8280, 3797, 9481, 5441]
5841	[9183, 8805, 5836, 1160, 7439]
5843	[5837, 7180, 9675, 9006, 2131]
5845	[980, 7546, 7792, 3106, 5022]
5848	[3169, 8391, 5896, 9536, 5066]
5849	[6778, 6762, 8102, 144, 3775]
5852	[6071, 5480, 9849, 9259, 7994]
5853	[3307, 1459, 287, 519, 3912]
5857	[2949, 7722, 3061, 3297, 4345]
5866	[2484, 8931, 1034, 1050, 3364]
5867	[2725, 4963, 1033, 6089, 8594]
5869	[4986, 392, 5710, 8919, 3777]
5879	[445, 6440, 9425, 1226, 376]
5880	[340, 7920, 6920, 5135, 2701]
5885	[255, 2829, 5653, 4725, 7723]
5890	[4567, 8128, 1536, 920, 7889]
5891	[7598, 7220, 2989, 3765, 4516]
5894	[9730, 4269, 9004, 4891, 9625]
5897	[879, 7117, 1359, 8371, 5891]
5903	[4674, 4899, 2903, 2507, 868]
5904	[3215, 8240, 715, 5158, 7218]
5908	[9678, 4149, 9464, 8953, 6157]
5909	[4401, 509, 8976, 9444, 5342]
5914	[5179, 1279, 5095, 6411, 1141]
5916	[3919, 3347, 598, 6331, 9987]
5928	[9231, 7644, 5768, 5799, 2015]
5933	[7708, 4681, 3284, 8663, 6080]
5934	[3252, 6755, 2856, 1972, 4775]
5937	[1609, 5968, 60, 5052, 4404]
5938	[5186, 8423, 3920, 9831, 2167]
5940	[431, 6538, 6850, 103, 3797]
5947	[896, 3202, 5510, 6961, 1277]
5949	[5403, 4137, 5629, 2876, 9447]
5954	[7533, 1204, 3499, 6173, 764]
5956	[3797, 103, 662, 5856, 6538]
5962	[831, 2540, 4433, 1534, 1738]
5964	[6573, 6539, 1795, 3811, 4303]
5978	[6850, 431, 3905, 1579, 3797]
5980	[6760, 4541, 3784, 111, 3759]
5984	[9890, 729, 7086, 6461, 1116]
5985	[1239, 6602, 1460, 3791, 3797]
5987	[2566, 2117, 2511, 8845, 2236]
5988	[732, 5715, 7075, 8362, 3432]
5992	[9770, 5212, 4998, 4588, 301]
6000	[1463, 7137, 2154, 7015, 7360]
6002	[4528, 671, 9598, 8412, 6142]
6005	[7430, 3077, 6100, 3465, 3509]
6006	[6850, 431, 3797, 5516, 103]
6008	[6581, 9417, 2412, 8337, 7102]
6009	[8227, 1876, 2840, 8874, 2346]
6030	[3537, 3423, 4244, 1408, 6055]
6033	[3395, 9837, 4465, 5489, 128]
6034	[672, 2157, 7161, 7520, 5417]
6037	[5865, 5375, 6322, 1227, 7528]
6064	[7045, 9779, 9903, 383, 6461]
6067	[4357, 3987, 1818, 3085, 787]
6078	[8311, 4645, 6574, 6454, 7807]
6084	[3798, 7016, 3215, 5322, 4874]
6086	[3550, 5325, 5977, 3747, 1357]
6087	[1515, 5329, 7345, 7112, 1373]
6089	[4345, 7722, 5790, 5680, 6461]
6093	[5422, 2338, 3585, 4095, 7893]
6099	[6157, 2117, 509, 2511, 1455]
6101	[1236, 202, 657, 1403, 3950]
6102	[2201, 3213, 8432, 3491, 2919]
6103	[6253, 2687, 7617, 7080, 1322]
6114	[1872, 9324, 4553, 1147, 1100]
6121	[8161, 5743, 521, 7218, 7358]
6130	[3674, 8701, 1887, 2834, 2396]
6134	[5179, 1141, 1279, 6411, 88]
6135	[4639, 4758, 5742, 8051, 7368]
6138	[8163, 4884, 8686, 598, 7126]
6139	[2467, 5394, 1424, 7019, 1650]
6153	[4337, 1980, 7773, 6372, 8220]
6156	[4094, 3122, 470, 8647, 7952]
6161	[4010, 2677, 8701, 2674, 2505]
6169	[7132, 718, 104, 9567, 4290]
6175	[3425, 3453, 8121, 1150, 3468]
6191	[2845, 7388, 8966, 862, 9168]
6192	[5039, 6516, 5401, 1488, 9807]
6194	[1774, 7671, 9920, 1171, 5979]
6203	[1044, 8997, 2088, 9680, 3686]
6209	[7161, 672, 6946, 5417, 812]
6217	[4337, 1980, 8220, 6372, 4270]
6220	[9730, 8494, 8220, 9690, 3059]
6227	[316, 7613, 6100, 5329, 293]
6236	[9609, 3268, 6350, 5647, 2964]
6239	[1647, 5699, 7320, 4196, 7425]
6246	[1259, 8394, 9390, 1531, 2822]
6250	[1855, 1261, 1138, 3576, 9711]
6252	[1118, 8700, 9249, 3203, 1626]
6262	[8195, 5007, 1538, 260, 9451]
6269	[7179, 8585, 7614, 5199, 3910]
6279	[984, 9917, 6717, 4173, 1128]
6280	[7161, 3233, 7325, 8593, 6383]
6282	[4911, 3673, 6513, 9360, 1682]
6286	[3490, 8861, 6270, 5505, 9311]
6289	[3825, 2871, 3268, 8656, 7414]
6290	[9908, 4674, 4899, 868, 9851]
6291	[9657, 5836, 4944, 8273, 4163]
6298	[9947, 9213, 587, 5884, 9477]
6301	[6229, 3269, 2209, 5680, 1256]
6315	[5824, 8725, 8494, 1980, 6947]
6316	[9807, 4004, 4333, 6516, 5039]
6328	[9164, 8182, 5926, 2560, 2819]
6329	[4684, 517, 60, 7423, 1323]
6334	[5758, 2904, 7749, 4942, 76]
6337	[9472, 5188, 1519, 1206, 966]
6347	[2674, 8045, 4010, 2677, 6450]
6374	[8707, 6327, 3214, 6849, 4079]
6375	[2744, 1698, 6964, 8170, 824]
6377	[1856, 6429, 3961, 7384, 2206]
6381	[5683, 7765, 9936, 3962, 952]
6382	[682, 1804, 1001, 2094, 4209]
6391	[6860, 5527, 2215, 9847, 1818]
6397	[4534, 8721, 1689, 2402, 752]
6403	[8702, 844, 7485, 688, 2572]
6408	[1150, 1979, 3187, 3137, 2247]
6412	[3523, 1043, 1468, 7900, 5925]
6418	[5013, 5393, 6211, 5865, 9495]
6430	[4006, 6756, 6560, 2871, 9609]
6432	[9361, 530, 9088, 2905, 5305]
6438	[7557, 9296, 5111, 1645, 2482]
6442	[9747, 1198, 1450, 287, 31]
6450	[2621, 7976, 5206, 9587, 6321]
6456	[4192, 9525, 4973, 8395, 7717]
6461	[6942, 1548, 4008, 8615, 4214]
6463	[9461, 4808, 795, 4539, 1465]
6465	[3485, 5076, 1056, 8641, 3517]
6473	[569, 2310, 2758, 5294, 3478]
6476	[6324, 3873, 1519, 1236, 6339]
6479	[4210, 383, 4511, 6370, 8540]
6480	[4156, 8498, 826, 1111, 1148]
6482	[201, 179, 1644, 280, 1189]
6484	[1664, 6881, 2973, 8206, 8867]
6500	[5547, 595, 5967, 7091, 5748]
6502	[9031, 9208, 7952, 1251, 2170]
6506	[1963, 375, 6555, 8084, 1416]
6508	[6078, 1295, 9748, 4280, 8292]
6512	[4788, 5080, 7622, 6731, 7251]
6515	[6924, 8069, 6822, 3123, 1412]
6526	[6389, 1409, 6131, 4652, 9248]
6531	[7373, 618, 9747, 9471, 8058]
6535	[9070, 6931, 2812, 684, 3396]
6546	[3364, 1050, 2277, 3210, 4677]
6553	[6545, 2536, 9273, 9447, 6041]
6556	[8411, 1204, 7533, 764, 9358]
6558	[9705, 2259, 9625, 8170, 6680]
6565	[6947, 3464, 5361, 4289, 1683]
6567	[5666, 3565, 316, 9609, 6275]
6569	[4838, 5652, 2475, 288, 7254]
6574	[4299, 4904, 4289, 879, 710]
6581	[616, 7330, 8637, 171, 7452]
6582	[8775, 198, 8061, 6630, 7113]
6584	[6538, 3584, 431, 6850, 6039]
6589	[2950, 1954, 9919, 9008, 7201]
6590	[5865, 7354, 2341, 8698, 9451]
6591	[9310, 9921, 3863, 7141, 8008]
6593	[4710, 4653, 1952, 8768, 4581]
6596	[7708, 4681, 4591, 6860, 8519]
6598	[9290, 4752, 2394, 386, 4739]
6599	[7416, 2637, 6155, 274, 1145]
6600	[598, 5770, 5848, 1498, 9987]
6601	[5418, 4728, 7797, 2876, 2986]
6603	[1293, 3364, 1050, 8134, 5382]
6607	[9807, 5401, 5039, 6367, 1488]
6610	[5095, 8427, 8992, 6411, 88]
6619	[1293, 1050, 3364, 7311, 5382]
6628	[5666, 316, 6275, 9609, 4004]
6629	[7169, 2011, 4278, 1023, 334]
6643	[2808, 8966, 4427, 9014, 4095]
6667	[6585, 3054, 196, 644, 9104]
6671	[4125, 7159, 496, 1264, 7235]
6674	[1755, 9390, 3248, 8280, 1558]
6675	[9653, 717, 6370, 383, 1519]
6678	[7113, 5047, 7299, 1424, 5809]
6682	[8688, 5924, 3436, 7128, 8788]
6687	[3128, 5397, 4444, 5322, 2383]
6698	[2281, 950, 4350, 188, 9009]
6699	[9770, 3848, 2202, 6015, 1931]
6712	[616, 8637, 4822, 9389, 5206]
6716	[9588, 4760, 4705, 5418, 1896]
6719	[3061, 4345, 3297, 7722, 111]
6726	[7193, 6946, 3241, 9444, 2448]
6727	[7225, 6545, 9447, 5403, 7906]
6728	[3086, 751, 1586, 2300, 8809]
6731	[3347, 598, 4265, 3919, 9987]
6735	[1887, 3229, 5531, 1003, 5430]
6739	[5610, 8688, 7032, 5133, 5782]
6740	[6850, 431, 8006, 6538, 9773]
6742	[9947, 7905, 4586, 4381, 427]
6743	[5179, 1279, 5095, 6411, 6471]
6746	[842, 8508, 642, 2349, 1028]
6747	[9831, 5865, 6909, 6322, 2341]
6751	[1886, 3826, 1711, 4579, 5155]
6756	[8244, 8217, 9259, 2966, 5187]
6761	[6691, 1083, 3099, 916, 7966]
6763	[316, 5666, 5329, 9609, 9701]
6766	[6185, 4358, 6274, 2812, 1076]
6770	[9290, 4752, 4341, 2394, 386]
6778	[5837, 9006, 7358, 2880, 1005]
6786	[9642, 4202, 6234, 4289, 6009]
6787	[5479, 120, 2293, 1748, 902]
6796	[2803, 1721, 7882, 6922, 1645]
6798	[9474, 2921, 8673, 3995, 1746]
6801	[1210, 2119, 22, 7783, 9104]
6811	[5786, 3435, 113, 8767, 1403]
6812	[3562, 7113, 1401, 6432, 3866]
6815	[2403, 2759, 4607, 4174, 759]
6817	[1469, 9569, 8680, 4232, 3112]
6820	[4263, 9577, 4095, 1282, 4205]
6821	[1169, 4396, 5605, 1806, 8135]
6822	[8688, 1572, 1033, 9932, 3819]
6829	[7885, 2808, 2845, 7543, 7912]
6834	[6784, 6422, 7559, 5705, 7906]
6835	[6499, 3565, 5329, 4233, 4289]
6836	[3866, 4452, 7863, 2864, 8017]
6839	[7773, 6372, 653, 1980, 9350]
6848	[8163, 6806, 8686, 3656, 4884]
6860	[9987, 3009, 4884, 7451, 6331]
6863	[3811, 3741, 1795, 6573, 2481]
6864	[4186, 2740, 366, 944, 2391]
6866	[7150, 1790, 6378, 111, 701]
6867	[1771, 1082, 3246, 7921, 2629]
6874	[9807, 4333, 4004, 3952, 5039]
6878	[3798, 3688, 7016, 5397, 1830]
6879	[4854, 8726, 1103, 7942, 3465]
6880	[2205, 2094, 7762, 9138, 4209]
6882	[1020, 7520, 8540, 383, 7469]
6887	[7364, 3452, 2383, 8022, 7920]
6892	[2674, 2677, 6592, 495, 2579]
6901	[923, 5824, 8517, 465, 1510]
6904	[4883, 6800, 3641, 4406, 6688]
6910	[431, 6850, 9773, 8006, 5516]
6911	[666, 7220, 4184, 7806, 6707]
6915	[6363, 2803, 4948, 2540, 8651]
6924	[268, 1511, 1151, 1080, 6450]
6926	[6389, 1409, 9248, 6131, 4652]
6928	[1210, 336, 1379, 4615, 5930]
6930	[9627, 2243, 929, 402, 5185]
6933	[4758, 4639, 5742, 2435, 8137]
6937	[8206, 2973, 4003, 9196, 7898]
6940	[1516, 2971, 7546, 7269, 6410]
6949	[3766, 709, 3927, 6093, 1494]
6951	[8910, 7865, 4677, 3210, 5300]
6957	[6042, 4609, 6751, 3302, 5552]
6964	[6116, 8516, 8391, 3247, 2977]
6965	[431, 3797, 6039, 3054, 6538]
6967	[7161, 198, 5430, 7150, 9168]
6968	[6850, 431, 5856, 103, 5516]
6976	[7045, 4540, 4202, 4289, 545]
6977	[8842, 5718, 2038, 149, 4789]
6983	[1955, 2371, 3124, 6977, 6347]
6984	[7201, 1141, 5179, 6202, 6411]
6987	[8369, 271, 5220, 1707, 8118]
6990	[9124, 8022, 8672, 474, 5085]
6995	[7161, 672, 618, 5417, 2795]
7001	[8977, 7210, 8035, 6450, 1080]
7003	[8882, 1097, 5249, 7343, 9766]
7005	[5397, 7016, 3128, 3798, 2880]
7006	[5339, 8206, 2050, 7756, 6816]
7017	[9395, 5977, 1480, 6597, 9451]
7022	[9456, 7980, 8051, 4758, 5486]
7023	[7113, 782, 6432, 746, 8536]
7031	[6745, 5764, 7157, 503, 2095]
7043	[7326, 4192, 208, 3827, 3079]
7044	[569, 9014, 6258, 658, 9390]
7048	[2592, 1415, 3102, 3744, 275]
7066	[2292, 6487, 8585, 2278, 896]
7069	[1888, 6614, 9207, 6723, 1968]
7070	[732, 7912, 5940, 495, 6762]
7072	[6223, 6195, 1392, 2068, 1902]
7073	[6269, 4979, 4285, 1901, 6846]
7075	[2281, 5247, 4735, 578, 7309]
7084	[3759, 4991, 1185, 4220, 6653]
7088	[3972, 2321, 8310, 6582, 3502]
7092	[2952, 5809, 7299, 9676, 746]
7093	[3708, 1124, 6708, 2358, 5846]
7099	[9004, 4357, 5324, 2346, 7368]
7101	[4827, 7854, 9465, 157, 837]
7106	[9901, 6500, 4925, 6883, 8348]
7121	[9141, 3802, 9172, 1072, 6761]
7123	[8805, 5836, 1160, 4770, 9213]
7130	[5372, 4517, 9633, 6548, 4968]
7135	[5652, 9312, 8388, 2475, 4518]
7142	[6003, 1653, 2790, 9165, 855]
7152	[1297, 2985, 3312, 58, 2481]
7156	[8538, 7699, 9885, 5772, 9629]
7158	[4072, 2787, 3596, 5481, 7092]
7159	[4318, 8320, 3900, 1711, 7549]
7167	[8538, 1711, 688, 1892, 1912]
7193	[9141, 2610, 5975, 6761, 9172]
7197	[1945, 7569, 7356, 1910, 5322]
7213	[3565, 3733, 6046, 5411, 7200]
7238	[844, 2857, 9443, 8179, 7601]
7240	[315, 675, 2783, 7021, 7321]
7242	[3061, 111, 9653, 7722, 3297]
7245	[9346, 260, 7027, 5644, 3641]
7248	[9310, 7141, 2133, 3453, 806]
7249	[2628, 4004, 4333, 9609, 5666]
7251	[1399, 9592, 8069, 2835, 6822]
7253	[6538, 5516, 9445, 5856, 3797]
7268	[2047, 7806, 1552, 5441, 7968]
7273	[9011, 7057, 1789, 380, 9014]
7276	[7858, 9415, 5526, 129, 989]
7278	[2346, 7368, 2347, 3517, 2488]
7279	[9490, 4709, 7939, 7151, 4669]
7289	[4798, 3066, 8686, 4153, 5449]
7290	[1293, 3364, 1050, 9631, 3494]
7294	[6736, 7191, 5480, 5504, 1381]
7298	[4264, 94, 2298, 8658, 9868]
7317	[2284, 2290, 7775, 3008, 3718]
7320	[240, 7111, 7027, 5465, 9592]
7330	[5647, 5042, 3394, 8280, 5007]
7336	[1158, 1903, 3813, 6038, 3546]
7342	[672, 1664, 2132, 9444, 5850]
7344	[5060, 5249, 7343, 1644, 9991]
7348	[3713, 9451, 3639, 5390, 5815]
7351	[4725, 1998, 8180, 7775, 255]
7363	[2158, 1444, 3445, 2900, 7040]
7366	[1289, 6270, 6370, 3233, 5465]
7371	[6164, 6200, 4553, 8287, 6236]
7375	[5393, 260, 1871, 5465, 177]
7377	[5422, 2338, 7893, 4615, 177]
7381	[9556, 6074, 8539, 9171, 9954]
7398	[9451, 2626, 1932, 6300, 6597]
7408	[2170, 5069, 6494, 3964, 7088]
7409	[8121, 1385, 6155, 2859, 2624]
7410	[2484, 3364, 1050, 1034, 7931]
7414	[2158, 1444, 6808, 7040, 6623]
7426	[1790, 7150, 5540, 3673, 4623]
7446	[9070, 3044, 3396, 684, 1400]
7451	[2829, 7775, 8649, 1348, 5116]
7454	[7796, 9588, 5133, 7921, 3127]
7456	[1508, 8163, 3134, 5508, 4629]
7457	[3749, 3800, 6572, 7150, 2042]
7465	[7388, 1488, 2346, 2001, 7368]
7466	[504, 3776, 2805, 3689, 3340]
7475	[2505, 4010, 7120, 2677, 3314]
7476	[4006, 6756, 6560, 2871, 9755]
7478	[1050, 3364, 5970, 1510, 6947]
7480	[7126, 2818, 6327, 9612, 5508]
7487	[3252, 6755, 2856, 1972, 6364]
7490	[2845, 7388, 8535, 3777, 7912]
7503	[2687, 6253, 7617, 7013, 6735]
7509	[83, 4883, 1219, 5010, 5007]
7510	[6006, 4554, 6389, 2896, 1470]
7512	[8860, 1246, 4961, 4374, 1465]
7513	[8779, 7257, 9308, 309, 1016]
7519	[5666, 4004, 4333, 5039, 876]
7521	[7027, 9612, 871, 4884, 1282]
7524	[5837, 7160, 9340, 4880, 8127]
7526	[8227, 2346, 2488, 2126, 5441]
7529	[6960, 1753, 7358, 6536, 9934]
7535	[9701, 5329, 316, 6499, 1373]
7537	[1299, 4491, 4312, 831, 8590]
7539	[6196, 1284, 1729, 1122, 6051]
7544	[2546, 5915, 4735, 4290, 4085]
7549	[2920, 4349, 1365, 1888, 4949]
7550	[1547, 4328, 394, 243, 2965]
7552	[8206, 1524, 4003, 3447, 1836]
7557	[9494, 8404, 8255, 7079, 8734]
7559	[7133, 6126, 2875, 191, 9317]
7560	[4619, 383, 1495, 1093, 7674]
7587	[4006, 6756, 6560, 2871, 3825]
7607	[7865, 8910, 4677, 3210, 9827]
7614	[6896, 512, 7063, 9056, 2017]
7617	[9474, 8673, 4214, 2200, 5861]
7622	[6697, 5865, 2167, 8423, 6928]
7624	[8088, 6826, 2775, 1758, 3565]
7628	[268, 3355, 6577, 1151, 9999]
7629	[4623, 4752, 9360, 3970, 9290]
7631	[9508, 244, 5138, 6374, 7914]
7635	[6652, 7447, 2725, 288, 8496]
7637	[6054, 2920, 4949, 6045, 9055]
7651	[6784, 7559, 6422, 2567, 5705]
7656	[697, 6858, 1925, 9836, 4882]
7660	[8688, 1572, 1033, 5610, 9932]
7662	[4494, 4290, 2920, 1841, 2849]
7669	[6029, 347, 2464, 563, 6174]
7672	[3762, 5149, 9898, 7045, 9715]
7673	[1270, 3765, 3973, 1369, 3999]
7675	[582, 6165, 6938, 896, 8783]
7677	[4357, 1818, 6852, 6617, 2346]
7695	[4264, 2298, 94, 9868, 5244]
7702	[2770, 6439, 2215, 9487, 3575]
7704	[3254, 9443, 7843, 2857, 7057]
7709	[8550, 2470, 3544, 8744, 6996]
7713	[6160, 1082, 7141, 5113, 6251]
7719	[1955, 3124, 6977, 2371, 6347]
7720	[1595, 7796, 7921, 8884, 6246]
7721	[5110, 7608, 349, 8780, 3648]
7727	[7569, 1945, 7356, 990, 7101]
7730	[4894, 2754, 2096, 3032, 2162]
7746	[7665, 6526, 5151, 9843, 835]
7749	[9508, 244, 5138, 6374, 991]
7754	[8616, 1468, 4979, 5936, 9710]
7768	[8163, 4884, 3134, 8686, 1508]
7774	[9031, 662, 3161, 5756, 5846]
7777	[3637, 4637, 1056, 172, 9961]
7782	[8064, 5126, 7177, 7142, 3606]
7783	[6755, 3252, 2856, 1972, 4775]
7797	[7208, 2439, 6189, 6100, 2964]
7799	[8842, 5718, 5248, 6841, 4789]
7801	[8075, 671, 8571, 1900, 5961]
7805	[2259, 6883, 2744, 9705, 8170]
7806	[1010, 8905, 1953, 1741, 293]
7820	[9358, 7912, 9613, 1018, 9779]
7828	[379, 6079, 7807, 4992, 6454]
7835	[1150, 1461, 9059, 1979, 4175]
7840	[370, 1995, 1353, 8694, 3042]
7841	[2173, 9490, 7962, 1059, 4396]
7842	[3982, 8005, 8437, 3122, 8186]
7843	[9908, 9851, 7177, 6634, 4899]
7846	[9872, 8973, 1217, 8613, 7506]
7847	[8730, 4273, 4192, 591, 9221]
7850	[5179, 8503, 88, 4654, 6202]
7858	[4462, 3629, 9843, 2483, 7437]
7862	[6909, 5039, 6693, 5401, 3001]
7863	[7765, 8220, 7773, 6187, 6372]
7864	[3615, 1685, 6480, 8374, 2986]
7865	[3784, 4541, 111, 6760, 829]
7867	[806, 7036, 3513, 5441, 1281]
7870	[124, 5325, 8168, 1387, 9879]
7878	[1010, 8905, 1741, 9727, 19]
7880	[4238, 7229, 9992, 4067, 1953]
7884	[4112, 6448, 5060, 6563, 5189]
7889	[8393, 6411, 8360, 102, 2782]
7894	[6322, 7706, 4963, 6617, 6852]
7895	[431, 6850, 3797, 103, 6538]
7909	[5547, 595, 7091, 2325, 831]
7910	[5758, 9697, 5834, 4798, 5219]
7911	[2442, 1810, 4391, 1826, 7303]
7913	[8932, 2151, 9016, 6235, 4337]
7915	[7225, 9447, 851, 4137, 6545]
7916	[6906, 5322, 47, 2273, 7016]
7919	[9513, 8640, 7404, 2664, 6841]
7924	[7206, 5019, 5521, 9325, 6708]
7925	[662, 5856, 5516, 6538, 6850]
7931	[879, 4798, 9189, 4104, 6686]
7939	[521, 9872, 1930, 8277, 1393]
7953	[4914, 2513, 8337, 5534, 9891]
7960	[662, 5856, 8682, 103, 6850]
7964	[637, 8940, 1236, 2923, 7293]
7969	[2442, 1810, 6638, 3702, 8072]
7970	[2132, 672, 9494, 5417, 7079]
7977	[2862, 8919, 1530, 1767, 2513]
7981	[4406, 9318, 3279, 7027, 9698]
7984	[3641, 1632, 8069, 9592, 4616]
8003	[9004, 1887, 4357, 2347, 198]
8015	[879, 7117, 618, 1359, 4798]
8016	[2952, 1675, 494, 714, 6641]
8021	[1980, 7773, 6372, 8220, 6235]
8028	[9172, 5746, 2332, 8344, 1046]
8032	[642, 985, 7178, 2964, 8597]
8040	[9465, 3543, 7722, 1410, 1982]
8047	[2920, 2546, 2849, 4290, 6045]
8054	[7113, 5047, 9971, 5109, 5809]
8058	[1284, 2483, 6550, 4178, 9793]
8061	[9036, 2290, 8603, 860, 9321]
8063	[9124, 349, 3452, 8661, 8780]
8065	[7122, 8069, 1412, 5776, 4063]
8066	[3123, 6924, 7984, 8195, 8069]
8067	[1979, 1150, 1981, 808, 7581]
8069	[4991, 7679, 6334, 6181, 9614]
8073	[6173, 7533, 3499, 9790, 5196]
8074	[5516, 103, 9773, 4057, 1677]
8079	[3784, 4541, 6169, 3718, 5107]
8084	[2263, 2994, 4280, 9748, 8053]
8085	[7346, 9134, 5441, 6392, 8235]
8089	[4357, 2802, 5058, 7980, 8762]
8092	[7448, 2776, 6598, 7019, 1302]
8105	[5610, 1572, 7863, 6991, 8519]
8125	[618, 31, 9747, 3311, 7373]
8127	[9668, 1242, 835, 1342, 5151]
8137	[2766, 4499, 9993, 8099, 3962]
8145	[6389, 6131, 4652, 6006, 7192]
8151	[1145, 7735, 5663, 7959, 9753]
8152	[4324, 1979, 1150, 4175, 3137]
8158	[1955, 3124, 2371, 6977, 6347]
8160	[6646, 7708, 7863, 3127, 6502]
8165	[7797, 1219, 4268, 2986, 7451]
8166	[1887, 5430, 3229, 9520, 6751]
8167	[4365, 618, 3783, 5486, 3923]
8168	[5526, 7858, 5872, 2753, 2321]
8179	[3250, 1646, 9451, 5010, 8195]
8181	[1528, 6372, 9263, 6671, 7773]
8183	[9949, 1790, 7150, 6157, 9667]
8185	[9140, 7075, 6641, 1581, 2108]
8192	[4604, 2310, 9981, 5985, 6642]
8193	[4913, 1303, 9198, 8251, 5403]
8195	[9171, 6074, 1006, 6735, 732]
8196	[5094, 6310, 7094, 5399, 7192]
8199	[4397, 6331, 5787, 3134, 179]
8201	[103, 1239, 2165, 3637, 7288]
8202	[8910, 7865, 4677, 3210, 7311]
8205	[6413, 7507, 8836, 331, 9128]
8212	[9168, 3936, 3229, 1887, 5430]
8213	[4113, 6536, 8037, 9328, 45]
8217	[1528, 6372, 8503, 7773, 6955]
8232	[4631, 5634, 368, 4480, 1009]
8239	[8547, 763, 7648, 7532, 8058]
8256	[9807, 4333, 4004, 6275, 5666]
8262	[8791, 5260, 542, 1469, 7286]
8272	[3733, 1764, 3056, 5509, 2881]
8277	[9006, 6206, 5779, 1093, 8040]
8285	[3008, 6538, 8180, 3797, 5856]
8297	[3167, 383, 9667, 5478, 308]
8301	[6029, 2184, 2464, 9793, 19]
8313	[8369, 1006, 7127, 6453, 6986]
8316	[1279, 5179, 9548, 6764, 9993]
8318	[9124, 474, 1372, 8022, 5918]
8321	[692, 4217, 6384, 5940, 6618]
8328	[8244, 9259, 8217, 5187, 8216]
8335	[4716, 4230, 4178, 1100, 95]
8337	[6096, 2430, 7066, 8706, 6627]
8338	[5744, 3990, 3020, 2552, 8214]
8345	[4251, 4680, 1193, 1935, 5571]
8347	[4094, 3516, 7952, 4662, 470]
8348	[9172, 2332, 7773, 1046, 5192]
8353	[3206, 2187, 9279, 148, 6948]
8354	[4365, 618, 3783, 5486, 3183]
8357	[3550, 8698, 5325, 3771, 4938]
8366	[9168, 178, 2505, 1509, 3936]
8370	[662, 431, 6850, 4166, 103]
8371	[3134, 6331, 4401, 8163, 2986]
8380	[9487, 283, 8137, 1730, 7447]
8381	[256, 5560, 8698, 5186, 6870]
8382	[1297, 9071, 2985, 7788, 3312]
8384	[2320, 2630, 4285, 2592, 678]
8385	[6096, 2430, 8706, 4237, 5409]
8388	[5516, 5856, 103, 6850, 9773]
8390	[3990, 5744, 1873, 2552, 8214]
8405	[2122, 7948, 6840, 7575, 6453]
8414	[8108, 111, 9481, 7582, 8269]
8417	[3784, 4541, 111, 5951, 6682]
8420	[2835, 8069, 1632, 4616, 3641]
8421	[9653, 5666, 2310, 3277, 383]
8429	[7220, 1552, 9426, 5646, 5980]
8435	[3982, 4643, 9941, 3122, 9494]
8437	[4015, 8323, 3774, 603, 4030]
8442	[1398, 2554, 9937, 9778, 7123]
8445	[5159, 6185, 8687, 8847, 6313]
8450	[897, 3109, 35, 2090, 9276]
8453	[3776, 504, 2805, 3689, 3340]
8454	[1647, 4196, 1860, 5699, 5825]
8460	[9184, 991, 7589, 5169, 7599]
8462	[6545, 9273, 7729, 2769, 2986]
8466	[4381, 4586, 5277, 3058, 8511]
8474	[461, 6158, 4764, 8703, 553]
8477	[1020, 7452, 5790, 8540, 3061]
8478	[5039, 3565, 4004, 145, 9538]
8484	[3797, 5856, 6538, 8180, 3008]
8492	[5297, 7739, 1412, 686, 6800]
8498	[4738, 2198, 5979, 9331, 899]
8504	[9944, 4144, 7218, 8667, 5599]
8520	[811, 7637, 3997, 5431, 4994]
8535	[8622, 5328, 8221, 6100, 2898]
8536	[5101, 8605, 447, 2369, 6978]
8540	[3053, 1812, 2841, 9307, 7016]
8541	[5856, 6538, 3797, 3161, 103]
8548	[6502, 7863, 5572, 5267, 8347]
8549	[1419, 4937, 3596, 2787, 9467]
8561	[4941, 2096, 3196, 9204, 8491]
8566	[194, 3427, 8217, 3434, 2758]
8571	[3797, 103, 786, 1793, 7574]
8575	[1210, 4615, 2107, 2119, 929]
8584	[5824, 3635, 2476, 1358, 6677]
8585	[9807, 4333, 4004, 9632, 5039]
8586	[431, 6850, 3797, 5856, 3905]
8587	[1989, 9850, 7209, 567, 6124]
8590	[3215, 3855, 4874, 8341, 2298]
8591	[2320, 4285, 7194, 8270, 5485]
8599	[3945, 2710, 4587, 5697, 7135]
8602	[5617, 1918, 8226, 4603, 1498]
8606	[6229, 9305, 6370, 9779, 1405]
8608	[5179, 102, 8503, 6411, 4654]
8610	[4245, 9269, 4638, 2602, 2503]
8623	[3883, 3483, 3031, 8398, 2529]
8624	[8380, 386, 4752, 4341, 9290]
8632	[2547, 7122, 7454, 8069, 4095]
8636	[7846, 1821, 1507, 7559, 5469]
8639	[996, 8963, 7900, 1572, 3284]
8647	[8749, 9040, 1440, 8248, 7417]
8648	[7567, 1035, 2172, 7305, 7929]
8651	[7263, 3452, 8661, 8022, 8658]
8655	[1350, 1720, 5827, 3524, 1793]
8667	[6884, 2856, 111, 7931, 1561]
8672	[8369, 6441, 2238, 1026, 3086]
8673	[1979, 4737, 4175, 7581, 1461]
8674	[9474, 2921, 8673, 5861, 2200]
8702	[6264, 1124, 4725, 8416, 5169]
8711	[2875, 4759, 191, 6126, 7133]
8717	[1376, 1206, 7597, 7094, 577]
8718	[7206, 470, 3507, 8367, 8326]
8721	[3362, 8649, 5116, 3718, 2940]
8726	[4731, 206, 2038, 5930, 7404]
8728	[6370, 9305, 9653, 4888, 6270]
8729	[2215, 3575, 7593, 274, 9406]
8735	[2677, 4010, 7432, 4868, 2674]
8736	[2961, 8954, 8916, 9582, 5982]
8738	[6038, 3813, 6780, 2548, 5799]
8739	[2853, 426, 4917, 6830, 977]
8740	[6890, 1691, 8181, 1920, 6775]
8742	[9141, 2610, 5975, 5432, 9172]
8744	[6370, 9305, 4888, 1236, 6461]
8752	[7430, 7236, 658, 5561, 5042]
8756	[5929, 3827, 4192, 8993, 7717]
8759	[6790, 18, 5913, 6385, 6774]
8760	[7827, 7367, 8662, 1614, 2644]
8767	[3281, 4213, 7608, 2543, 9786]
8769	[9447, 851, 9004, 6718, 1572]
8771	[2920, 1978, 4949, 5427, 8837]
8774	[7117, 888, 4798, 374, 3223]
8778	[70, 3416, 8874, 9437, 1187]
8779	[6024, 2775, 365, 5871, 3172]
8780	[7161, 5478, 2157, 5417, 2197]
8788	[8497, 4206, 1231, 1106, 7762]
8791	[4572, 672, 7414, 7117, 3725]
8793	[124, 6261, 5924, 7248, 17]
8801	[4766, 8635, 1423, 6224, 2471]
8807	[7432, 672, 5478, 5865, 926]
8809	[3402, 6573, 9933, 4728, 5436]
8810	[5039, 2080, 5401, 5666, 4004]
8811	[4357, 2346, 937, 1358, 6852]
8818	[5931, 7857, 9044, 8872, 7958]
8823	[2710, 3945, 1537, 1125, 65]
8825	[9538, 3912, 9807, 5039, 5401]
8834	[2674, 2677, 495, 6592, 5681]
8835	[6096, 8706, 2430, 6627, 4237]
8837	[3749, 3800, 3936, 1887, 8894]
8841	[1595, 8884, 7921, 7796, 4395]
8843	[3206, 5543, 9726, 6008, 4660]
8869	[5044, 5151, 31, 9747, 3746]
8878	[1542, 6163, 5437, 8371, 5891]
8880	[3330, 6592, 4114, 692, 1687]
8882	[2801, 3136, 9751, 6417, 6217]
8886	[5865, 1083, 4435, 7966, 1675]
8887	[4681, 7708, 5610, 5002, 334]
8895	[6852, 7971, 3059, 9636, 6322]
8900	[479, 2849, 6830, 2546, 4290]
8921	[4004, 4333, 5039, 5401, 1800]
8928	[261, 9465, 1982, 1410, 3205]
8934	[7045, 2871, 9108, 3662, 7864]
8937	[7055, 8348, 2190, 1367, 5410]
8951	[709, 8045, 1308, 8732, 8471]
8956	[6806, 4153, 3134, 809, 3656]
8970	[265, 9244, 6742, 8728, 9236]
8975	[7785, 2382, 7834, 2540, 2191]
8980	[3364, 1050, 8541, 4289, 7010]
8982	[3284, 4024, 6080, 9433, 9004]
8984	[1612, 3464, 481, 2249, 4334]
8989	[5666, 3229, 2310, 9566, 717]
8990	[4736, 4354, 7200, 5444, 8527]
8996	[9324, 8609, 3539, 6236, 1167]
8998	[5678, 3440, 2984, 8802, 8658]
8999	[6816, 5339, 8280, 6363, 9569]
9003	[3054, 1579, 877, 3013, 9571]
9006	[9589, 836, 5553, 6971, 40]
9007	[797, 4639, 4758, 8651, 4433]
9008	[4425, 8519, 8126, 3127, 3372]
9009	[8903, 765, 9396, 3796, 826]
9024	[7469, 6461, 545, 383, 6370]
9025	[911, 6138, 7194, 6379, 5036]
9036	[431, 6850, 3905, 3797, 3697]
9039	[9171, 7082, 8539, 6598, 6074]
9048	[1572, 7287, 5102, 2116, 430]
9050	[5331, 4857, 3235, 1764, 9494]
9057	[4662, 4891, 2377, 8762, 8853]
9060	[4643, 3982, 6170, 223, 6875]
9068	[9730, 8220, 9625, 6372, 4337]
9069	[4006, 6756, 6560, 9609, 3330]
9080	[4006, 2628, 6592, 4004, 4333]
9082	[5856, 3797, 6538, 4398, 8281]
9083	[7791, 3109, 7435, 8415, 585]
9085	[752, 8721, 1689, 8920, 4534]
9086	[167, 3969, 3562, 3841, 8058]
9092	[1463, 2154, 4897, 7137, 4955]
9098	[3150, 9900, 9017, 6967, 1009]
9100	[5633, 8563, 9040, 834, 7130]
9101	[7146, 5400, 7841, 6044, 2195]
9104	[1239, 111, 2940, 5991, 991]
9109	[6096, 2430, 759, 6739, 3199]
9113	[8192, 8338, 1163, 7095, 7684]
9116	[261, 111, 4334, 4398, 9471]
9120	[3659, 5927, 8425, 3249, 1239]
9123	[2595, 5189, 598, 9612, 8715]
9125	[9943, 6896, 9056, 1793, 1005]
9133	[430, 2634, 3251, 3186, 6860]
9139	[7706, 5498, 5865, 6322, 8608]
9142	[9525, 4192, 970, 1572, 9903]
9145	[4991, 7679, 9614, 6334, 3759]
9146	[3231, 665, 94, 7404, 6841]
9155	[9698, 871, 6130, 3294, 9976]
9157	[3328, 896, 9663, 8585, 2968]
9173	[1410, 9465, 1982, 3205, 3543]
9174	[8227, 2840, 7220, 2346, 7368]
9178	[4237, 2654, 7626, 9004, 2854]
9179	[1999, 5808, 8673, 8615, 1746]
9189	[194, 3434, 3427, 9745, 8217]
9193	[326, 8659, 1383, 88, 5386]
9200	[9456, 3062, 4639, 5486, 4758]
9202	[2616, 7607, 8478, 4093, 3524]
9206	[5138, 9508, 6374, 244, 3008]
9210	[5666, 9004, 2439, 6100, 3464]
9211	[7936, 6213, 8647, 2259, 6974]
9212	[5179, 1141, 6411, 88, 1279]
9217	[4931, 7881, 5455, 2529, 1680]
9222	[8035, 1151, 7013, 3495, 2708]
9226	[836, 3725, 5553, 5644, 8544]
9229	[3731, 9010, 3453, 6823, 430]
9247	[2766, 9099, 9936, 8099, 6018]
9250	[1887, 3229, 3936, 5531, 9520]
9254	[3061, 8802, 4345, 111, 8394]
9261	[2484, 369, 9277, 1034, 2950]
9262	[4358, 6274, 2812, 6185, 1076]
9264	[6488, 7138, 3428, 777, 4139]
9268	[2710, 2872, 3364, 3945, 1537]
9284	[5535, 4130, 8396, 5181, 6170]
9290	[873, 6860, 1818, 7021, 2783]
9293	[2604, 3979, 8897, 630, 9723]
9297	[1259, 8394, 9390, 5264, 4191]
9309	[5179, 1279, 1626, 6411, 1072]
9311	[6850, 6538, 103, 5516, 8180]
9318	[1738, 2382, 7785, 6454, 400]
9320	[9049, 8228, 8516, 1119, 8844]
9322	[6946, 9667, 7520, 111, 8540]
9323	[4616, 3641, 2835, 1632, 1399]
9333	[5558, 6588, 2281, 5029, 5247]
9339	[5796, 1083, 6731, 8608, 9636]
9340	[265, 8728, 1443, 9244, 7400]
9343	[2546, 4735, 4085, 5915, 4290]
9344	[4457, 2909, 9801, 6149, 4675]
9345	[7851, 4491, 1721, 6093, 4668]
9348	[5526, 7858, 669, 4960, 129]
9359	[5442, 67, 7302, 6126, 9266]
9361	[6838, 6964, 8638, 824, 5211]
9362	[9171, 8539, 6074, 9175, 8146]
9363	[9299, 7755, 909, 9389, 6062]
9364	[4017, 785, 9705, 4811, 2324]
9365	[504, 3340, 2805, 3776, 3689]
9368	[3573, 6248, 5502, 460, 5080]
9370	[8069, 1632, 4616, 3641, 6822]
9379	[9273, 4760, 4972, 2769, 9198]
9380	[2382, 7785, 7834, 4456, 1276]
9387	[8109, 2197, 672, 7528, 4868]
9389	[4239, 4722, 2601, 3897, 1327]
9393	[3797, 6850, 103, 6538, 1677]
9397	[5516, 5856, 1677, 3701, 9773]
9404	[4814, 4748, 4645, 9569, 4383]
9409	[8707, 6327, 3467, 8797, 7561]
9417	[3330, 3565, 6100, 3737, 1161]
9422	[431, 6850, 3797, 3905, 4657]
9425	[4186, 366, 944, 2740, 6930]
9426	[1455, 7747, 6014, 997, 3467]
9428	[7122, 2547, 9321, 1800, 2338]
9430	[9231, 7579, 5768, 2015, 2093]
9436	[1169, 4396, 4709, 8135, 5605]
9443	[7797, 5249, 7343, 6130, 1219]
9445	[7479, 6808, 2399, 1064, 8413]
9447	[4245, 9269, 4638, 413, 1635]
9458	[5526, 7858, 129, 5872, 4960]
9477	[2997, 149, 6923, 4672, 6885]
9478	[2950, 1954, 9008, 9224, 2182]
9494	[582, 6165, 731, 896, 6792]
9504	[1020, 6461, 7161, 9779, 8540]
9507	[1351, 7188, 6447, 2217, 465]
9512	[9141, 2610, 6761, 4116, 9172]
9515	[2677, 7912, 9234, 6572, 1745]
9516	[9157, 8235, 7659, 2177, 9059]
9523	[5115, 4133, 5962, 4208, 8084]
9528	[9476, 7924, 714, 4435, 6870]
9530	[3782, 4644, 3021, 4249, 8748]
9532	[3134, 6812, 8882, 2986, 1644]
9537	[709, 8732, 8045, 8471, 5962]
9543	[8362, 7193, 1685, 179, 5929]
9555	[2484, 1050, 3364, 6255, 7311]
9560	[5311, 6911, 1304, 6644, 9934]
9565	[427, 4586, 4381, 3242, 9620]
9567	[6850, 431, 5516, 5856, 103]
9569	[461, 4764, 526, 1636, 6709]
9574	[3205, 9465, 1982, 1410, 3543]
9575	[6896, 512, 7469, 9056, 8720]
9582	[569, 9365, 8634, 1259, 2822]
9588	[8227, 7220, 2840, 7806, 3425]
9596	[6540, 1171, 1296, 5047, 1581]
9601	[8452, 8401, 7223, 19, 9467]
9603	[1020, 8540, 383, 3277, 7469]
9607	[3364, 1050, 5583, 1924, 4013]
9619	[4978, 370, 8725, 9232, 1995]
9622	[1189, 9265, 6331, 4884, 5508]
9625	[7708, 8153, 8944, 6988, 4395]
9639	[5786, 1403, 8767, 7038, 113]
9641	[1968, 3016, 4822, 713, 6386]
9644	[5179, 1141, 6411, 88, 5554]
9650	[9952, 338, 8493, 5291, 2325]
9651	[7690, 5249, 4436, 5588, 7343]
9655	[4815, 8582, 1315, 8897, 2604]
9660	[5001, 3025, 2793, 9121, 439]
9662	[5179, 1141, 1279, 88, 6411]
9667	[7610, 7002, 5652, 719, 3467]
9668	[2845, 3777, 999, 7026, 6522]
9671	[3303, 831, 4553, 5183, 9985]
9675	[3982, 4643, 3122, 9941, 8005]
9681	[9474, 2921, 8673, 2200, 3995]
9683	[4767, 2391, 8871, 285, 4987]
9687	[9680, 7958, 8065, 2088, 5662]
9695	[8244, 9259, 2458, 5187, 8217]
9697	[2119, 4615, 1210, 9104, 5930]
9700	[3776, 504, 2805, 3689, 3340]
9702	[4750, 22, 8940, 8060, 6798]
9727	[1450, 8999, 8919, 7161, 916]
9729	[185, 9706, 3021, 360, 6786]
9731	[5678, 2082, 8232, 4184, 5646]
9732	[1293, 8623, 8012, 5578, 3732]
9742	[1887, 3229, 5430, 3936, 9168]
9746	[1887, 5539, 7173, 3936, 9486]
9747	[185, 6786, 7721, 1258, 3452]
9752	[2952, 6641, 4227, 8477, 1581]
9754	[653, 7228, 1310, 5192, 4654]
9755	[6850, 431, 8094, 3697, 1677]
9771	[4062, 2947, 8448, 105, 7922]
9782	[1711, 6196, 7469, 8942, 5612]
9789	[5417, 2132, 7373, 672, 7150]
9790	[4888, 3307, 4967, 5206, 91]
9791	[642, 842, 9108, 5310, 7864]
9793	[316, 9667, 2310, 7161, 8540]
9794	[3364, 1050, 1924, 2277, 4726]
9796	[3134, 6331, 4884, 4153, 5760]
9802	[5044, 5151, 4462, 3746, 7665]
9805	[3307, 1459, 9241, 2974, 5021]
9807	[3764, 8327, 3543, 9465, 261]
9808	[4815, 8582, 8897, 4927, 630]
9810	[9140, 4560, 6641, 4227, 7075]
9811	[5179, 6411, 1279, 1528, 6764]
9822	[9141, 2610, 3059, 5975, 1072]
9829	[392, 8371, 7158, 5324, 7288]
9830	[6413, 7550, 7692, 7507, 3101]
9837	[1888, 6614, 464, 1968, 9274]
9838	[5756, 1696, 7599, 9798, 1348]
9847	[9289, 5741, 8323, 1490, 6644]
9852	[8163, 4884, 8686, 1508, 2818]
9855	[201, 1644, 179, 7690, 5249]
9860	[5039, 5666, 5401, 6367, 2080]
9863	[5039, 145, 9538, 5401, 4004]
9870	[8326, 1079, 424, 5521, 7206]
9872	[9802, 2298, 3452, 1058, 7236]
9876	[6447, 4005, 465, 7593, 1510]
9885	[8180, 3008, 6703, 1710, 3905]
9886	[9784, 7996, 7238, 4289, 2032]
9888	[4385, 7345, 7613, 1176, 4599]
9896	[7126, 7208, 5189, 8163, 7797]
9909	[6077, 5145, 5337, 9506, 7855]
9910	[5516, 5856, 103, 9773, 6850]
9916	[9494, 8404, 2893, 2942, 6666]
9917	[4497, 2857, 2513, 4336, 8502]
9925	[6755, 3252, 2856, 1972, 6192]
9926	[2808, 2338, 4095, 3307, 6423]
9927	[5403, 8151, 1572, 7559, 4137]
9928	[1210, 4615, 2314, 2881, 2119]
9930	[7105, 6432, 7693, 8093, 4086]
9935	[3252, 6755, 2856, 1972, 6915]
9945	[8661, 8658, 5678, 7806, 7721]
9953	[473, 8276, 4909, 4511, 8320]
9954	[1354, 6825, 3507, 3965, 7654]
9955	[6380, 4443, 8158, 2094, 3565]
9958	[6538, 3797, 103, 2895, 8281]
9960	[7469, 1258, 7336, 7220, 6270]
9977	[5744, 3990, 8214, 1873, 5305]
9986	[5856, 3797, 3008, 103, 6538]
9996	[662, 103, 5516, 6538, 6850]
10010	[431, 6850, 7604, 3797, 5316]
10012	[7161, 6946, 3122, 9667, 2157]
10027	[6822, 9592, 8069, 1399, 1412]
10031	[4270, 4666, 9172, 6728, 1980]
10037	[1028, 642, 2349, 842, 3448]
10049	[6536, 2036, 9978, 6960, 308]
10050	[4259, 6112, 9793, 8746, 9719]
10058	[8010, 2167, 26, 7557, 1083]
10072	[3639, 5811, 8881, 5294, 4220]
10080	[3749, 3800, 3936, 9168, 2132]
10082	[1436, 4861, 1360, 1014, 7401]
10083	[2953, 3596, 6371, 5481, 768]
10085	[4700, 404, 3553, 6067, 3305]
10095	[6970, 2985, 6999, 6411, 7832]
10104	[2764, 1323, 7300, 1647, 5825]
10105	[3656, 5189, 1097, 3665, 4884]
10117	[2, 3919, 1379, 5848, 5770]
10118	[6774, 5609, 423, 3950, 5026]
10129	[857, 1011, 1820, 6331, 7451]
10132	[7388, 2845, 7368, 1823, 5462]
10139	[1210, 2119, 5393, 4615, 5930]
10144	[6538, 3797, 182, 9445, 3054]
10145	[3697, 4398, 431, 9773, 6850]
10146	[4188, 3852, 1476, 8928, 9266]
10149	[8051, 9456, 7980, 5486, 4555]
10162	[7122, 2338, 4615, 5584, 4095]
10169	[7921, 4395, 1595, 7796, 8884]
10171	[1595, 996, 6080, 3284, 6988]
10175	[9988, 831, 7113, 8275, 7649]
10176	[6055, 3247, 5007, 7162, 3637]
10178	[2786, 5004, 4743, 5478, 3865]
10180	[8198, 4151, 1327, 6569, 8853]
10184	[4883, 7984, 3123, 3725, 8346]
10191	[3330, 9863, 2974, 692, 1687]
10192	[2403, 8511, 3058, 759, 4329]
10197	[598, 4884, 8163, 871, 5588]
10199	[7580, 938, 2845, 2862, 3757]
10204	[8220, 1980, 4337, 9730, 6372]
10208	[431, 6850, 103, 5856, 5516]
10213	[3919, 5770, 3985, 5449, 6219]
10217	[2677, 2674, 7349, 2287, 2296]
10223	[5503, 6761, 4116, 3431, 5432]
10229	[6448, 3134, 3942, 4884, 5760]
10232	[2616, 3524, 7607, 4408, 2812]
10240	[5417, 672, 2132, 7150, 178]
10248	[7910, 2783, 4628, 6502, 5572]
10255	[4654, 6764, 902, 5179, 1141]
10266	[6096, 8706, 6627, 1971, 4237]
10275	[917, 7561, 8797, 4923, 5418]
10281	[6324, 6044, 1258, 5984, 5612]
10291	[1401, 5149, 8142, 5105, 5465]
10293	[260, 6300, 1932, 5007, 2626]
10300	[61, 5200, 2730, 8400, 6917]
10301	[7479, 8953, 2191, 5260, 8791]
10303	[6039, 431, 3797, 6850, 6538]
10307	[5094, 380, 5823, 9992, 2613]
10312	[7848, 4715, 6339, 9279, 2880]
10318	[3919, 9987, 5770, 9337, 598]
10324	[185, 6786, 3281, 7721, 7364]
10339	[8910, 7865, 6720, 9718, 5300]
10343	[3338, 6279, 3055, 2505, 8620]
10346	[7639, 1755, 1942, 9390, 9992]
10351	[6070, 1296, 6843, 3269, 2984]
10355	[9305, 9756, 1737, 6329, 3830]
10356	[3255, 1437, 9817, 1786, 859]
10357	[5479, 120, 7228, 1310, 2293]
10359	[9677, 7952, 3177, 470, 1451]
10360	[5372, 7198, 1431, 3871, 8215]
10365	[3833, 6896, 2593, 206, 3953]
10372	[2950, 9919, 8931, 2484, 2643]
10376	[738, 6016, 4110, 3408, 6157]
10377	[6441, 8369, 1828, 9083, 7894]
10378	[9627, 6819, 9451, 1480, 2626]
10379	[4358, 6274, 6185, 1076, 2812]
10381	[5920, 9317, 8185, 191, 1699]
10387	[6560, 4006, 6756, 2871, 8656]
10388	[1383, 326, 7190, 9172, 8344]
10391	[6038, 3813, 8204, 1903, 1502]
10398	[9395, 1511, 5728, 9451, 6597]
10419	[6516, 5039, 5401, 1488, 5950]
10420	[2312, 5279, 2777, 5037, 5117]
10436	[4156, 8498, 5241, 1111, 0]
10437	[2668, 5672, 4321, 3101, 4742]
10452	[5051, 7397, 8995, 6847, 4313]
10458	[9415, 989, 7858, 867, 669]
10461	[6149, 2212, 4457, 2503, 2909]
10464	[1789, 2198, 5356, 8340, 9443]
10465	[431, 6850, 103, 1677, 6538]
10472	[6538, 3586, 6039, 5283, 5856]
10478	[7161, 9667, 5465, 1993, 7220]
10482	[4674, 6524, 4035, 8103, 1815]
10484	[8327, 3764, 261, 3543, 4334]
10494	[3134, 8686, 6361, 6331, 1508]
10496	[8519, 9053, 9187, 3436, 5102]
10502	[1968, 8200, 6386, 2902, 4863]
10504	[3252, 6755, 2856, 1972, 4775]
10508	[6822, 5644, 8069, 1412, 3641]
10518	[9140, 4560, 7075, 6641, 1459]
10523	[1954, 2950, 9008, 7201, 1575]
10529	[280, 5249, 7193, 5588, 179]
10530	[3565, 3659, 1141, 8220, 6990]
10544	[9004, 1572, 4760, 6246, 7287]
10548	[9006, 5680, 6100, 7961, 8863]
10551	[116, 7220, 1552, 7806, 5980]
10557	[3919, 8823, 6570, 5160, 1058]
10558	[9172, 2332, 9350, 7773, 5746]
10559	[879, 1359, 4798, 7732, 4915]
10560	[5547, 595, 2325, 6016, 2845]
10565	[6332, 2862, 126, 1530, 7012]
10567	[5076, 2355, 2984, 959, 3367]
10568	[8506, 1890, 9929, 2927, 3568]
10579	[9239, 7034, 8233, 609, 6349]
10582	[1728, 6762, 495, 3876, 144]
10585	[9779, 7430, 2984, 5900, 5999]
10591	[8791, 5260, 8284, 2842, 1469]
10593	[4357, 4891, 5058, 7388, 2802]
10595	[6389, 6131, 9248, 1409, 1470]
10599	[2856, 3252, 6884, 6755, 1972]
10603	[9556, 8539, 6074, 9171, 3134]
10605	[7146, 2273, 7841, 9868, 5400]
10607	[2157, 7161, 5417, 6946, 7520]
10625	[1979, 4175, 4324, 5572, 4208]
10633	[5970, 1510, 1050, 3364, 5824]
10638	[3364, 1050, 9703, 2277, 7141]
10640	[1293, 477, 2568, 4390, 3474]
10646	[9417, 6581, 2412, 8337, 4856]
10651	[260, 3647, 8037, 2266, 5870]
10652	[5179, 1279, 5095, 6411, 6764]
10653	[3718, 7775, 1998, 5107, 4725]
10658	[7452, 383, 4540, 4996, 3277]
10664	[1595, 7796, 4395, 7921, 6246]
10667	[8281, 5856, 662, 3701, 8094]
10671	[334, 7708, 7239, 4681, 8245]
10678	[1301, 1167, 5057, 9324, 6684]
10679	[9456, 2482, 7215, 5486, 8051]
10687	[3990, 8214, 5744, 3020, 2552]
10688	[2510, 266, 4824, 2604, 8897]
10690	[9335, 1615, 3513, 6854, 806]
10702	[7448, 2776, 8178, 9624, 4574]
10704	[2248, 8608, 5240, 7220, 5037]
10707	[5254, 2798, 6287, 7863, 2028]
10712	[445, 690, 6664, 6440, 4493]
10713	[7146, 3411, 5400, 6044, 2195]
10720	[2834, 9296, 5102, 4553, 2482]
10723	[4748, 4645, 9569, 4814, 7479]
10724	[8688, 1572, 1033, 9932, 3819]
10726	[5417, 672, 2132, 7373, 6752]
10742	[1579, 3054, 431, 3584, 6850]
10752	[1595, 8884, 2426, 7921, 6088]
10760	[6604, 9960, 8769, 688, 3110]
10766	[8663, 3732, 6915, 4077, 4399]
10767	[5516, 4057, 5856, 6538, 8501]
10768	[2181, 9380, 5460, 2547, 5196]
10769	[7225, 9447, 7906, 5768, 851]
10770	[1189, 5414, 6576, 2052, 201]
10777	[724, 346, 6334, 5299, 6805]
10780	[6160, 4013, 3372, 1996, 3621]
10784	[7532, 7777, 3372, 3633, 7990]
10785	[9702, 7592, 3970, 3408, 2913]
10795	[836, 40, 5553, 9809, 7115]
10797	[4807, 3448, 4233, 5196, 2628]
10798	[3550, 5560, 5325, 8698, 6050]
10805	[1742, 9244, 6984, 2903, 6742]
10809	[1369, 2777, 2573, 8221, 1589]
10819	[8826, 9055, 3056, 8280, 7238]
10821	[4230, 4716, 532, 3868, 1100]
10831	[2935, 8203, 7447, 6089, 5901]
10840	[9120, 7469, 4396, 3637, 3939]
10861	[6917, 5012, 3516, 5243, 719]
10862	[6467, 8627, 5710, 9014, 9272]
10864	[7792, 1090, 3106, 7809, 2896]
10865	[5110, 7608, 8780, 8661, 5085]
10866	[3320, 5449, 3942, 8374, 4397]
10869	[7045, 1931, 4170, 9842, 4197]
10877	[8239, 6704, 1401, 4531, 6206]
10880	[92, 3310, 7594, 7410, 7426]
10886	[9289, 668, 7699, 4874, 9892]
10896	[4013, 3364, 3224, 1050, 3997]
10899	[1076, 6274, 6185, 4358, 2812]
10903	[3252, 6755, 2856, 2373, 2212]
10904	[4674, 8318, 290, 6524, 2298]
10905	[3060, 293, 4120, 2003, 2396]
10912	[8506, 6991, 5077, 3575, 9929]
10921	[1210, 22, 4615, 1871, 6300]
10935	[4139, 4637, 1539, 9793, 5054]
10941	[8413, 2540, 4553, 9712, 4992]
10962	[1979, 5572, 8347, 7581, 3663]
10965	[2181, 2628, 9609, 5666, 4333]
10967	[3537, 6538, 5307, 3108, 3595]
10976	[1820, 857, 9612, 5760, 6331]
10977	[2981, 4022, 9998, 8280, 6170]
10980	[3046, 8423, 5186, 8082, 2687]
10981	[7539, 3781, 4484, 5188, 8280]
10984	[9807, 6275, 5666, 7942, 5460]
10988	[879, 7117, 4798, 748, 4134]
10990	[5212, 6810, 9784, 8802, 3107]
10995	[6842, 8453, 2781, 6243, 3907]
11002	[6946, 5465, 3233, 9779, 7161]
11010	[9668, 5151, 5685, 1242, 3629]
11011	[8802, 2989, 3562, 4516, 5999]
11013	[6769, 3527, 5770, 7451, 4397]
11016	[3054, 1579, 9571, 3013, 4657]
11029	[1293, 3364, 1050, 5382, 4013]
11030	[8919, 1730, 2296, 5058, 2047]
11063	[7931, 1836, 1117, 3447, 8284]
11077	[317, 5527, 5441, 430, 9080]
11078	[3061, 5694, 4540, 7722, 4220]
11082	[5770, 2, 598, 5848, 5449]
11083	[8540, 575, 9779, 5985, 6229]
11087	[8235, 8428, 334, 3348, 5115]
11090	[6960, 7358, 1753, 308, 8037]
11094	[4890, 2310, 764, 8280, 9653]
11101	[4047, 2519, 657, 9033, 8239]
11106	[8010, 26, 6277, 6895, 4776]
11116	[2284, 7775, 3008, 2397, 8180]
11120	[5498, 7706, 2066, 8909, 3426]
11124	[7738, 5465, 5007, 8730, 7111]
11133	[1614, 4192, 8993, 2166, 5929]
11136	[782, 8536, 4611, 5219, 6432]
11144	[1526, 8851, 5892, 9245, 293]
11146	[3512, 266, 9092, 2510, 2604]
11148	[4004, 2628, 4333, 9595, 9473]
11149	[5478, 9653, 7373, 6229, 9779]
11156	[7864, 7336, 6461, 3438, 1093]
11160	[9679, 503, 4488, 3938, 5399]
11162	[6638, 7303, 2442, 7914, 1826]
11167	[431, 6850, 103, 1579, 1677]
11169	[7580, 1013, 9427, 6176, 9855]
11171	[7122, 2547, 7284, 1538, 4095]
11172	[4736, 7200, 4354, 8527, 5444]
11181	[386, 2394, 4739, 6564, 4752]
11185	[8831, 2067, 1517, 9216, 6964]
11191	[1020, 3765, 2488, 7806, 6100]
11192	[643, 2977, 4853, 7200, 213]
11198	[8199, 9812, 2451, 8643, 7124]
11207	[8092, 1494, 3713, 5815, 1299]
11209	[1688, 3866, 2783, 5832, 9738]
11212	[3205, 9465, 1982, 1410, 3543]
11221	[6329, 768, 2953, 6371, 3596]
11225	[9040, 1209, 5008, 1534, 1967]
11226	[5680, 8117, 9134, 4518, 7931]
11228	[3054, 877, 3013, 9571, 1579]
11234	[9059, 2536, 1572, 5853, 9089]
11243	[879, 7117, 8506, 1542, 1853]
11247	[752, 893, 6885, 8721, 4534]
11249	[2605, 863, 2104, 149, 4771]
11257	[6000, 6271, 302, 2865, 1318]
11260	[9231, 2015, 5768, 2093, 3097]
11272	[3253, 8058, 1401, 5067, 3562]
11273	[265, 9244, 6742, 1443, 8728]
11277	[8105, 9119, 1115, 4667, 5680]
11279	[5547, 595, 4920, 2482, 1563]
11291	[8588, 7528, 2197, 3952, 5539]
11303	[724, 4931, 3263, 1975, 1465]
11323	[6038, 1725, 3813, 6561, 1903]
11332	[7575, 4148, 2122, 6453, 7948]
11334	[1516, 980, 1470, 2896, 6410]
11336	[9494, 8404, 8734, 6666, 5430]
11346	[5349, 6638, 991, 1696, 5169]
11347	[4986, 1953, 9366, 8037, 2189]
11354	[3957, 1713, 2358, 6638, 1826]
11358	[782, 8536, 7761, 7426, 5219]
11368	[5262, 2790, 855, 6031, 5237]
11371	[6970, 2985, 7832, 6999, 1679]
11374	[8538, 1912, 1892, 6404, 8489]
11386	[6769, 3527, 1774, 7671, 4263]
11393	[6850, 431, 5856, 103, 5516]
11402	[6450, 2244, 2287, 5795, 9037]
11404	[9802, 1732, 1093, 6972, 5376]
11416	[2314, 1379, 9451, 5930, 5728]
11418	[3990, 5744, 8214, 3020, 200]
11427	[2950, 1954, 9224, 9919, 2751]
11436	[5518, 1368, 9851, 3104, 5362]
11438	[2881, 5411, 3565, 9272, 5683]
11442	[6896, 7469, 4266, 6278, 9056]
11443	[5786, 7038, 8640, 1403, 3435]
11446	[7024, 7597, 6144, 577, 2938]
11448	[2073, 2066, 8232, 6435, 2269]
11450	[6226, 9535, 6256, 4879, 5949]
11451	[9231, 5768, 7579, 2093, 2015]
11453	[6715, 3691, 7683, 9768, 9086]
11459	[8153, 1082, 8688, 9004, 1572]
11460	[124, 5325, 1387, 2634, 787]
11476	[2442, 4391, 1826, 8072, 3702]
11482	[1595, 8884, 7921, 6246, 7796]
11483	[6538, 8281, 3161, 356, 3115]
11500	[4363, 5807, 5409, 2654, 427]
11505	[283, 5058, 1818, 8688, 7853]
11512	[8884, 8153, 6246, 1572, 5610]
11523	[260, 5465, 7027, 9698, 5644]
11526	[3413, 7029, 3467, 6303, 3112]
11528	[7416, 8185, 9505, 1887, 7382]
11535	[5264, 9390, 1338, 5914, 9365]
11542	[249, 7914, 2829, 1713, 5700]
11544	[6274, 6185, 1076, 4358, 2812]
11545	[3825, 589, 383, 6592, 6461]
11549	[1963, 2476, 375, 9377, 9137]
11559	[124, 5325, 3430, 6918, 427]
11573	[6842, 8453, 5213, 6243, 2781]
11576	[2677, 4868, 519, 8701, 9234]
11582	[6850, 3905, 431, 4166, 3584]
11585	[9987, 1726, 598, 9880, 7797]
11592	[6372, 9972, 1528, 9557, 6955]
11594	[1559, 60, 3420, 7116, 1574]
11597	[2746, 9441, 3408, 632, 4145]
11599	[9980, 1915, 355, 7217, 8199]
11604	[1887, 5531, 3229, 3936, 1003]
11610	[8069, 1632, 3641, 4616, 5644]
11612	[6250, 2371, 3124, 6977, 1955]
11614	[5977, 7663, 1357, 4432, 3752]
11615	[2426, 7532, 3633, 9198, 7990]
11617	[7375, 6394, 4330, 304, 2095]
11619	[3964, 1281, 9372, 9577, 6124]
11623	[7440, 6489, 3452, 2874, 4511]
11626	[9200, 9663, 3409, 5883, 6721]
11631	[4017, 9705, 785, 881, 3962]
11632	[255, 7723, 249, 991, 6724]
11634	[4949, 2920, 6054, 7293, 3193]
11637	[8791, 5260, 1469, 6740, 8284]
11638	[722, 9080, 4011, 7921, 1595]
11640	[2181, 5198, 2628, 3686, 3808]
11641	[5954, 2817, 9986, 5790, 6328]
11643	[1713, 5700, 3718, 7914, 1696]
11647	[9553, 2435, 4553, 9779, 5970]
11664	[244, 9508, 5138, 6374, 2646]
11665	[2093, 4068, 1029, 7579, 9231]
11666	[356, 2285, 103, 979, 5864]
11668	[1980, 4666, 5503, 6372, 9350]
11669	[545, 9311, 8622, 9406, 9618]
11670	[5397, 3128, 2298, 9461, 5322]
11672	[1207, 4087, 6592, 5898, 3800]
11674	[5547, 9099, 9464, 2324, 7557]
11676	[7146, 7996, 6911, 6229, 2972]
11679	[5911, 9639, 1895, 9716, 7612]
11680	[917, 5831, 8322, 8797, 2121]
11682	[260, 5508, 6331, 361, 5465]
11685	[4015, 5465, 5311, 5582, 9408]
11691	[6291, 2331, 2118, 7822, 2485]
11698	[5349, 5991, 6638, 1834, 991]
11710	[7094, 3590, 1720, 2992, 9912]
11712	[3355, 1151, 268, 5212, 8698]
11718	[8648, 3299, 9446, 7162, 5393]
11722	[6096, 2430, 8706, 4237, 1143]
11725	[4238, 5616, 9366, 7354, 8037]
11733	[8092, 1645, 3713, 6309, 6765]
11734	[7225, 7906, 6545, 9447, 3079]
11737	[1887, 1776, 6042, 9826, 4239]
11740	[3515, 3163, 1372, 5862, 5359]
11741	[3866, 9825, 2159, 1730, 7321]
11743	[3364, 1050, 635, 1924, 9703]
11746	[9010, 7362, 3372, 9620, 6823]
11747	[3749, 3936, 3800, 5430, 9520]
11748	[6078, 1295, 4280, 8292, 9748]
11751	[8109, 2197, 2677, 9654, 7432]
11757	[7567, 1035, 2172, 3576, 4904]
11770	[9960, 1841, 6045, 8769, 6550]
11791	[8791, 5260, 1469, 2191, 2069]
11792	[5498, 7706, 6322, 5865, 3292]
11796	[8079, 4087, 6620, 3426, 605]
11797	[8919, 7301, 7079, 5058, 4239]
11801	[2835, 8069, 6822, 3641, 1412]
11803	[4478, 3182, 952, 9936, 6468]
11810	[1239, 3702, 3659, 5846, 8520]
11815	[2339, 3144, 7624, 6479, 2764]
11816	[210, 6676, 2575, 4872, 7530]
11822	[5954, 3606, 6771, 8598, 4035]
11826	[5547, 595, 4811, 9296, 8495]
11827	[3097, 2015, 2093, 2702, 5768]
11828	[1293, 4013, 3364, 5382, 1050]
11834	[7213, 6309, 3680, 3119, 5390]
11838	[3782, 4213, 3281, 3021, 9706]
11853	[7388, 2845, 7368, 5058, 287]
11859	[6804, 5896, 5704, 6557, 2821]
11868	[6842, 8453, 6243, 2781, 3907]
11869	[8930, 6509, 6126, 1699, 9762]
11873	[2856, 3252, 6755, 6884, 9089]
11879	[6689, 3352, 3170, 4266, 4335]
11902	[836, 1186, 6971, 1144, 5647]
11908	[415, 5174, 6260, 7006, 7329]
11921	[3515, 3163, 9443, 1372, 3452]
11924	[5007, 7027, 6599, 9318, 3279]
11927	[5996, 1895, 5155, 7146, 7433]
11929	[6006, 6389, 6131, 1090, 4652]
11933	[8930, 9762, 6126, 6509, 7076]
11937	[4116, 2011, 5503, 1072, 6878]
11941	[1376, 1206, 577, 1225, 5150]
11952	[5039, 4004, 4333, 5666, 9807]
11966	[7665, 6526, 835, 4462, 9843]
11967	[5403, 4913, 2426, 1082, 8251]
11978	[2167, 1997, 1083, 8423, 832]
11981	[1293, 5100, 5382, 3224, 2917]
11993	[672, 5417, 7161, 1207, 2197]
11996	[4631, 368, 5634, 6967, 6429]
12000	[4534, 8721, 1689, 752, 2402]
12003	[6295, 8919, 862, 7892, 999]
12009	[9141, 2610, 8932, 9016, 4116]
12010	[3004, 5176, 2399, 8800, 5082]
12011	[5686, 5433, 5012, 3232, 9816]
12017	[5179, 6411, 1279, 102, 1141]
12025	[7113, 8649, 3647, 6195, 2070]
12042	[7362, 3224, 3372, 7777, 9010]
12047	[4357, 5058, 2802, 4891, 999]
12054	[7708, 4681, 6782, 8944, 3127]
12058	[2808, 7885, 4627, 7543, 3070]
12059	[3013, 877, 9571, 3054, 1579]
12065	[3895, 1539, 4139, 4221, 9719]
12073	[401, 3565, 9107, 985, 5329]
12075	[9244, 265, 7400, 8728, 6742]
12083	[2073, 8232, 2066, 6435, 6577]
12090	[2604, 3979, 8897, 6419, 1877]
12092	[2692, 3731, 1707, 2602, 6197]
12101	[2845, 999, 7388, 4357, 5710]
12106	[5977, 5185, 2626, 1480, 7663]
12112	[6324, 5779, 7433, 3826, 9096]
12116	[6096, 2430, 4237, 8706, 5409]
12118	[2727, 7343, 5249, 3117, 7187]
12124	[3004, 5176, 5082, 1561, 7787]
12126	[2132, 9553, 9040, 812, 672]
12130	[3782, 4644, 3021, 185, 3452]
12135	[7375, 4103, 730, 904, 9917]
12139	[7773, 9350, 8220, 1980, 6372]
12141	[9239, 6349, 7027, 9230, 5007]
12143	[196, 2824, 9221, 8730, 6585]
12144	[9898, 1495, 3394, 5356, 9096]
12149	[9377, 2909, 2212, 2373, 6502]
12158	[3749, 2001, 3800, 9168, 9520]
12160	[7936, 6213, 8647, 6974, 8436]
12167	[1871, 22, 4615, 556, 1210]
12173	[3674, 8701, 2834, 1887, 2396]
12179	[3800, 3749, 1887, 3229, 316]
12182	[9677, 7952, 470, 3177, 1451]
12183	[4015, 8323, 3774, 6934, 7908]
12187	[2920, 4949, 6054, 9482, 5902]
12188	[1746, 1548, 4214, 4916, 2576]
12190	[5179, 88, 6411, 1383, 5554]
12195	[6594, 4695, 429, 6713, 5358]
12199	[6070, 1296, 8283, 1902, 9483]
12200	[4396, 9647, 5549, 1169, 478]
12202	[5782, 7314, 8519, 5610, 9665]
12214	[1523, 4758, 9553, 5258, 171]
12216	[473, 8276, 4909, 8022, 8320]
12219	[3268, 5647, 8544, 2871, 6756]
12224	[2677, 3085, 3122, 7008, 7432]
12226	[6439, 3520, 2770, 2789, 2268]
12227	[3183, 5058, 2398, 2845, 2802]
12228	[4153, 3066, 6806, 7089, 9265]
12230	[9995, 4435, 8010, 6870, 1839]
12232	[6068, 7707, 9048, 8118, 4363]
12238	[334, 4399, 4681, 7863, 8663]
12246	[9168, 3936, 5313, 9747, 1334]
12255	[5929, 2166, 6812, 5901, 2935]
12267	[4639, 9637, 226, 9487, 277]
12268	[9901, 4925, 6883, 3033, 6500]
12271	[1989, 7209, 567, 6124, 7353]
12280	[5758, 3845, 9760, 3637, 6052]
12283	[4045, 3632, 4071, 5049, 5912]
12288	[4943, 6201, 7207, 8722, 3877]
12293	[210, 9545, 6945, 5356, 2575]
12298	[370, 3683, 707, 1995, 4568]
12301	[504, 3776, 2805, 3340, 3689]
12311	[111, 991, 5349, 5991, 1834]
12322	[1595, 4395, 7921, 7796, 6246]
12332	[9211, 9670, 1815, 1163, 6395]
12333	[6560, 2871, 6756, 4006, 2948]
12338	[9231, 7579, 2015, 5768, 6780]
12340	[643, 2977, 2045, 4853, 814]
12343	[4362, 5034, 7882, 1849, 2382]
12348	[5044, 7616, 3670, 9214, 4646]
12349	[5516, 1677, 4057, 9773, 5856]
12360	[1044, 3521, 8587, 8997, 7958]
12364	[8884, 6246, 4760, 8690, 5557]
12370	[5856, 1677, 103, 431, 6850]
12374	[9379, 8015, 6459, 5338, 1284]
12375	[9691, 379, 4261, 3028, 1167]
12379	[866, 9451, 5728, 6300, 1932]
12381	[3797, 5856, 3905, 103, 4398]
12385	[2802, 5058, 4357, 272, 8762]
12386	[5297, 9126, 2372, 929, 3725]
12388	[1887, 8404, 5531, 1003, 3229]
12390	[1727, 1547, 2262, 4328, 7041]
12392	[697, 9416, 2844, 6858, 9836]
12398	[2145, 6370, 3077, 5600, 383]
12411	[6715, 3691, 7683, 9768, 9086]
12419	[8885, 6033, 1455, 4401, 8993]
12423	[9901, 6883, 6500, 881, 4990]
12427	[431, 2780, 5513, 4398, 7665]
12429	[3134, 9577, 2986, 6331, 1508]
12432	[2601, 3897, 9515, 6060, 8245]
12440	[7146, 5400, 3411, 2273, 2195]
12449	[3591, 6160, 5382, 4390, 3474]
12455	[9124, 8022, 3452, 7364, 6319]
12457	[7851, 3713, 3119, 5815, 1645]
12459	[7704, 4476, 3494, 738, 6088]
12460	[5362, 8991, 896, 8585, 5080]
12461	[2284, 3008, 3905, 4852, 8180]
12463	[1887, 3229, 1003, 5531, 6751]
12467	[4175, 1461, 5441, 1979, 4324]
12470	[8844, 6194, 174, 371, 5459]
12476	[4006, 3330, 4415, 6756, 7719]
12478	[2145, 3077, 6370, 6461, 2112]
12479	[3089, 5117, 2573, 3464, 2312]
12482	[5758, 4942, 8634, 76, 8280]
12491	[2628, 3952, 3005, 4004, 9609]
12493	[836, 5644, 6822, 3641, 40]
12500	[7225, 9447, 6545, 851, 4137]
12501	[5856, 662, 3797, 8180, 9773]
12502	[6006, 9673, 2095, 9633, 4121]
12504	[7566, 1357, 6819, 5977, 4432]
12506	[1351, 2217, 6831, 4005, 81]
12514	[4006, 6560, 6756, 2871, 9609]
12516	[3364, 1050, 3210, 4677, 1924]
12520	[560, 9826, 709, 2446, 6093]
12527	[697, 6858, 1925, 4882, 9416]
12530	[9140, 4560, 7075, 6641, 1581]
12533	[2621, 145, 2948, 1253, 9107]
12544	[6773, 3557, 2198, 5356, 7057]
12563	[1310, 7228, 2046, 342, 6764]
12580	[9406, 6122, 207, 7314, 9618]
12581	[6909, 1887, 1730, 2296, 9486]
12585	[8730, 6585, 1800, 8060, 5465]
12587	[9898, 9096, 170, 4872, 1418]
12594	[1800, 7365, 260, 4069, 6798]
12607	[5422, 7893, 2338, 4615, 4095]
12608	[6160, 1032, 8843, 2864, 9967]
12615	[8163, 1508, 4884, 8686, 2153]
12627	[4615, 1210, 22, 1871, 1932]
12630	[5262, 855, 6796, 1738, 2790]
12638	[6413, 7550, 7507, 8836, 331]
12640	[4677, 3210, 7865, 8910, 2465]
12650	[8227, 8874, 2840, 7368, 1818]
12656	[6250, 3124, 7518, 1955, 6977]
12657	[5547, 4974, 595, 3930, 1823]
12659	[1982, 9465, 1410, 3543, 261]
12660	[379, 6079, 7931, 7807, 5433]
12661	[431, 6850, 8180, 5516, 9773]
12664	[8549, 9706, 4511, 8022, 474]
12670	[9494, 8404, 5339, 8734, 5331]
12671	[8692, 2450, 5167, 500, 820]
12681	[3254, 9443, 1789, 4556, 3727]
12684	[6816, 7756, 3565, 7868, 4859]
12686	[2708, 560, 2952, 5084, 6870]
12688	[70, 8264, 3416, 4175, 1187]
12700	[284, 9597, 506, 749, 6513]
12703	[7122, 5584, 2547, 4095, 1538]
12705	[4233, 876, 5666, 9609, 6275]
12707	[6096, 2430, 8706, 4237, 6627]
12708	[6408, 8855, 8655, 7881, 9516]
12712	[182, 4398, 3697, 5283, 5856]
12713	[7848, 9279, 2551, 8313, 7218]
12718	[5387, 2849, 4949, 9055, 3691]
12719	[836, 6971, 8439, 5644, 40]
12720	[2920, 7922, 4313, 5232, 4350]
12723	[7528, 5417, 672, 4868, 8109]
12727	[9456, 4639, 4758, 5742, 8051]
12737	[3992, 9144, 1869, 4543, 9490]
12741	[2449, 739, 9230, 7814, 6256]
12758	[1050, 3364, 2484, 1510, 7586]
12773	[697, 6858, 9416, 4882, 1925]
12780	[3328, 8585, 9663, 7179, 3409]
12783	[9609, 316, 2628, 9225, 3005]
12784	[7122, 8069, 5776, 4484, 1632]
12788	[4888, 3307, 3574, 2310, 1373]
12790	[8161, 5743, 8973, 7841, 1393]
12798	[4021, 1171, 1209, 9707, 8287]
12799	[4739, 386, 2394, 2021, 4341]
12813	[6538, 5516, 9445, 5856, 3797]
12818	[1647, 4196, 1860, 5825, 7425]
12819	[4854, 8726, 7942, 1103, 985]
12820	[1169, 6714, 9586, 5035, 5691]
12830	[1742, 2903, 9244, 6984, 126]
12837	[7367, 2166, 5717, 2041, 5929]
12840	[3013, 9571, 877, 1579, 3054]
12842	[3252, 6755, 2856, 3224, 1050]
12853	[338, 6475, 5950, 6792, 5533]
12855	[4006, 2948, 6681, 5329, 8544]
12857	[7251, 7522, 3510, 9203, 3746]
12858	[5750, 4064, 2758, 366, 4186]
12865	[9905, 2077, 182, 3103, 6538]
12873	[9407, 1021, 3035, 5523, 373]
12880	[3507, 7654, 3965, 3256, 7776]
12883	[9453, 2181, 316, 3448, 505]
12884	[7225, 8636, 3716, 1687, 2974]
12887	[5417, 6946, 2132, 2197, 672]
12891	[4686, 9327, 2666, 4038, 9383]
12892	[5758, 4942, 3653, 5212, 5294]
12894	[1855, 1261, 9711, 7202, 7166]
12899	[8910, 7865, 4677, 3210, 5300]
12902	[6070, 2984, 5268, 9457, 6223]
12904	[6690, 4349, 3484, 2201, 1975]
12905	[9770, 3848, 7806, 8634, 2984]
12906	[3449, 6316, 3161, 4657, 5501]
12907	[4006, 6560, 6756, 9609, 2871]
12911	[6538, 1677, 5856, 3960, 4657]
12915	[961, 5664, 9719, 1237, 110]
12918	[144, 1728, 2984, 9954, 495]
12921	[4004, 4333, 5666, 505, 6462]
12926	[383, 316, 6100, 717, 5505]
12931	[2921, 2200, 2367, 6485, 8673]
12938	[431, 6850, 3905, 5856, 6538]
12941	[5040, 7174, 8289, 4651, 6487]
12946	[1369, 2777, 6387, 7603, 2392]
12949	[3053, 1812, 1830, 3215, 3855]
12952	[4017, 785, 4491, 3181, 7936]
12953	[2677, 8919, 2287, 8701, 8404]
12954	[8244, 9259, 2458, 5187, 3860]
12956	[8884, 4760, 9198, 2567, 7532]
12957	[1955, 2371, 6977, 3124, 2369]
12964	[29, 8651, 3930, 8669, 6808]
12965	[6157, 2117, 5012, 509, 4889]
12967	[3338, 136, 3055, 5111, 2505]
12972	[1422, 2304, 4337, 9094, 9936]
12976	[6850, 431, 8006, 6538, 9773]
12977	[980, 7546, 4138, 5022, 7792]
12982	[5540, 4623, 1790, 5243, 7150]
12991	[2708, 177, 4432, 7454, 268]
12996	[7397, 5051, 4512, 5081, 8995]
12999	[3206, 7645, 367, 6008, 8432]
13008	[9620, 9010, 5578, 2097, 6823]
13011	[3641, 1871, 1632, 4616, 2835]
13014	[3307, 3509, 6173, 9779, 5647]
13018	[6493, 9921, 3811, 5388, 4303]
13019	[3527, 6769, 7671, 4401, 2986]
13040	[9310, 9703, 9585, 1329, 6122]
13044	[8362, 7193, 2818, 3615, 8163]
13049	[4006, 6560, 6756, 9609, 2871]
13053	[9538, 3331, 4004, 4333, 5039]
13055	[5179, 326, 1141, 1279, 5095]
13057	[2687, 5977, 2626, 9451, 6253]
13061	[271, 1848, 6441, 4595, 8369]
13072	[5954, 2817, 4288, 8740, 6242]
13078	[1887, 7775, 3229, 6909, 2396]
13082	[4894, 2096, 5045, 2754, 4698]
13088	[806, 1281, 3513, 6854, 8265]
13094	[2281, 5558, 4458, 5247, 6588]
13112	[9465, 1410, 1982, 3205, 3538]
13113	[431, 8006, 6850, 3960, 3905]
13115	[3537, 5764, 9311, 3517, 1408]
13116	[3936, 9168, 5417, 672, 4529]
13122	[6219, 6806, 4884, 4153, 3066]
13123	[2627, 4382, 2061, 405, 7785]
13125	[1282, 1210, 4615, 6919, 6047]
13130	[3292, 8113, 1365, 8608, 6322]
13132	[6155, 9406, 2488, 2637, 1145]
13136	[9802, 6972, 1732, 5813, 2298]
13137	[3701, 5516, 5856, 8501, 3797]
13138	[9410, 4239, 7818, 9168, 7079]
13147	[2687, 6870, 9476, 1092, 6641]
13154	[6946, 1020, 7520, 8540, 5417]
13160	[8919, 6295, 999, 4010, 2003]
13162	[4894, 2096, 2754, 9204, 8717]
13169	[4010, 999, 709, 2677, 6778]
13171	[3252, 6755, 2856, 1972, 4775]
13173	[3520, 2215, 7973, 9626, 2770]
13177	[4259, 9885, 9578, 2572, 4109]
13178	[5001, 3025, 2793, 9528, 1920]
13181	[4398, 431, 241, 3697, 5516]
13184	[5095, 5361, 6947, 8992, 1818]
13185	[1044, 3521, 296, 8997, 2088]
13192	[9985, 5717, 4025, 9438, 4433]
13193	[3190, 2094, 458, 1837, 4209]
13198	[6690, 2201, 4349, 9217, 3484]
13203	[7388, 5462, 287, 7368, 8066]
13204	[8973, 9872, 4356, 8613, 607]
13206	[3798, 3688, 2298, 7218, 5322]
13211	[6946, 7161, 2157, 2197, 7520]
13215	[2312, 7217, 8663, 9980, 5279]
13216	[3783, 9040, 171, 3923, 8944]
13219	[5179, 5095, 1279, 6411, 5554]
13224	[7225, 7918, 9447, 7906, 4137]
13233	[8163, 8686, 1508, 3066, 2818]
13234	[2654, 9134, 5441, 8663, 2346]
13235	[923, 9749, 1510, 8766, 5824]
13237	[9508, 244, 6374, 5138, 5991]
13239	[1963, 375, 3348, 1416, 6555]
13243	[6343, 8946, 5370, 7547, 7040]
13245	[2284, 3008, 3718, 8180, 313]
13257	[4202, 9642, 4442, 1437, 7043]
13265	[4666, 4963, 1980, 8519, 9172]
13267	[8084, 5115, 5962, 1416, 4208]
13270	[724, 7544, 6281, 2214, 2385]
13280	[6329, 768, 7563, 6, 8515]
13286	[9680, 8065, 7958, 576, 5662]
13290	[8255, 4004, 4333, 5039, 3565]
13300	[315, 873, 1818, 5572, 8354]
13301	[2840, 5462, 1853, 7382, 1823]
13304	[5977, 2626, 7454, 177, 1357]
13307	[1871, 556, 1210, 22, 4615]
13308	[8088, 6826, 2775, 1758, 3580]
13309	[1147, 9751, 2801, 3136, 1038]
13319	[1207, 2893, 3674, 6872, 9807]
13320	[1050, 2725, 3224, 3364, 6823]
13323	[8616, 1468, 9710, 9581, 8851]
13326	[255, 5653, 2029, 2829, 4725]
13347	[2786, 2855, 2520, 9736, 4095]
13357	[2454, 8780, 8074, 7608, 1370]
13359	[8541, 8519, 385, 413, 4429]
13363	[9892, 6143, 3931, 4874, 7902]
13367	[4767, 2391, 285, 8871, 4987]
13369	[3718, 1998, 5107, 2940, 8649]
13373	[3718, 5116, 2940, 8144, 8649]
13381	[1771, 6625, 3679, 751, 8273]
13383	[9171, 1006, 8539, 6074, 9175]
13398	[9883, 1862, 1461, 4175, 7416]
13400	[3825, 7949, 8544, 2871, 985]
13406	[1019, 5806, 4260, 4763, 8833]
13413	[8660, 9819, 2186, 4471, 4902]
13419	[1880, 8540, 1093, 3277, 7094]
13422	[8180, 3008, 6538, 6316, 4657]
13431	[5417, 672, 5478, 2157, 7150]
13433	[3776, 504, 3689, 2805, 7809]
13434	[1979, 7581, 4737, 7981, 2177]
13436	[2145, 6324, 2648, 5779, 5600]
13446	[2605, 149, 863, 5248, 2104]
13449	[6870, 2687, 5186, 4070, 256]
13451	[1293, 3364, 1050, 9631, 4013]
13471	[4006, 6756, 6560, 3268, 2871]
13474	[5159, 7335, 8687, 1791, 1900]
13476	[3713, 3680, 6309, 3119, 5390]
13478	[2942, 5505, 2066, 6909, 3920]
13480	[8523, 5178, 6343, 9648, 9516]
13481	[4894, 2754, 2096, 3032, 5181]
13502	[5547, 595, 6069, 8151, 952]
13506	[9947, 3067, 9213, 5884, 587]
13508	[8322, 7561, 806, 3513, 8199]
13521	[1210, 4615, 2119, 22, 9104]
13524	[431, 6850, 103, 5856, 5516]
13527	[1210, 22, 4615, 2119, 5644]
13528	[1455, 5929, 4667, 2820, 6812]
13530	[5262, 855, 2790, 6031, 5237]
13533	[6850, 431, 6538, 5516, 9773]
13541	[9653, 3061, 9305, 7293, 5415]
13545	[9494, 8404, 5004, 1509, 9747]
13548	[1210, 2119, 4615, 5465, 1871]
13554	[2856, 2602, 413, 6755, 3252]
13556	[618, 7732, 2197, 8109, 672]
13564	[9972, 9557, 9172, 2308, 1528]
13568	[3060, 2003, 6909, 293, 3674]
13576	[836, 6971, 8439, 5647, 4104]
13584	[4006, 6681, 8544, 1322, 2948]
13589	[4987, 466, 285, 8871, 1200]
13595	[9961, 1056, 4178, 227, 7432]
13612	[9807, 505, 6462, 4333, 4004]
13616	[582, 9446, 6165, 731, 3409]
13631	[7857, 5931, 9962, 4534, 8721]
13632	[1826, 2442, 8072, 1810, 3708]
13638	[1614, 8993, 2935, 4192, 208]
13652	[4884, 3134, 9577, 598, 6331]
13660	[4017, 4811, 9705, 2834, 8495]
13663	[2093, 9231, 7579, 4068, 2702]
13665	[6253, 2687, 402, 7617, 9451]
13666	[7610, 8680, 2842, 3467, 9165]
13674	[1645, 5016, 6765, 5390, 5348]
13676	[3298, 6007, 1107, 5785, 9465]
13678	[4362, 2282, 7136, 4643, 5034]
13679	[4494, 4290, 8560, 8837, 2146]
13696	[5815, 3713, 6765, 5348, 1645]
13699	[3342, 5025, 2241, 5351, 536]
13700	[3674, 8701, 1887, 2396, 2677]
13706	[3269, 2984, 3994, 6070, 5680]
13707	[9868, 4210, 7146, 1830, 7220]
13709	[4716, 270, 4230, 95, 1100]
13712	[6773, 2062, 3777, 6556, 5710]
13716	[7365, 8730, 8357, 7027, 196]
13719	[3372, 1760, 9089, 6991, 1996]
13721	[8153, 7708, 7863, 8944, 5610]
13722	[1968, 5232, 1656, 7450, 3016]
13723	[1293, 3364, 5382, 1050, 4390]
13724	[3490, 9307, 8232, 7094, 316]
13727	[4072, 4596, 2787, 7667, 5481]
13728	[8616, 9710, 1468, 3759, 4866]
13729	[3281, 4213, 7608, 1258, 349]
13735	[431, 103, 6850, 1677, 3797]
13743	[8244, 9259, 8217, 5381, 2966]
13752	[917, 8797, 2090, 8707, 2867]
13753	[4736, 5444, 7200, 8736, 9065]
13755	[1293, 3364, 1050, 5382, 5100]
13762	[2677, 2674, 8701, 9155, 2296]
13763	[4877, 1160, 5836, 8805, 3333]
13767	[4093, 9087, 7607, 8422, 1076]
13771	[1463, 2154, 7015, 7936, 7137]
13775	[1615, 1972, 6605, 9561, 7033]
13787	[1379, 5865, 1932, 5638, 9451]
13790	[811, 7637, 1550, 3628, 9658]
13791	[857, 6849, 6331, 9413, 9577]
13792	[6838, 6964, 824, 8638, 5211]
13795	[7603, 8762, 8137, 2933, 5874]
13805	[7146, 3873, 2273, 7841, 3411]
13807	[9627, 6819, 4432, 929, 9451]
13808	[1893, 111, 9481, 9677, 9445]
13811	[8779, 9493, 9862, 3604, 8119]
13822	[5558, 6588, 2752, 2281, 5949]
13824	[4015, 8323, 4030, 8295, 3774]
13825	[1876, 3765, 9665, 4891, 3800]
13828	[431, 6850, 3797, 6538, 103]
13835	[4139, 4062, 5976, 9793, 6979]
13837	[5237, 2790, 7086, 855, 5262]
13841	[9905, 2077, 1677, 2895, 5856]
13843	[2952, 6641, 7075, 7966, 2708]
13849	[6946, 2157, 9444, 5417, 2197]
13858	[3637, 6911, 9763, 5949, 5457]
13861	[5967, 9464, 9480, 6783, 983]
13866	[2259, 6883, 3295, 9705, 2744]
13881	[2800, 9633, 6328, 9079, 2297]
13883	[6499, 6777, 3565, 7336, 5329]
13889	[1293, 4013, 4390, 3364, 1050]
13891	[9668, 1242, 2811, 5685, 6526]
13892	[6690, 4349, 9217, 2201, 2919]
13897	[7225, 9447, 851, 4137, 6545]
13901	[6822, 1412, 8069, 9592, 1632]
13906	[1169, 2513, 7574, 674, 2752]
13909	[6540, 1171, 1296, 5047, 144]
13916	[1955, 3124, 2371, 6977, 6347]
13924	[9784, 5268, 3247, 2032, 2984]
13944	[836, 5647, 40, 6971, 9809]
13948	[1290, 7035, 51, 5545, 8387]
13950	[4458, 5247, 2281, 6588, 5558]
13953	[8206, 1524, 4003, 6363, 7898]
13954	[8988, 4533, 7197, 2026, 3088]
13955	[9494, 9444, 2132, 6630, 1384]
13961	[8688, 1572, 6991, 5102, 9004]
13962	[2529, 5455, 7817, 1264, 4621]
13971	[2284, 7775, 8180, 3008, 2290]
13979	[6642, 5007, 7354, 2998, 5465]
13994	[6989, 8867, 8590, 2050, 4003]
14005	[530, 8246, 2905, 9361, 9088]
14008	[7193, 8362, 1644, 179, 5588]
14017	[2687, 7013, 6870, 6641, 9995]
14022	[4478, 3182, 785, 9936, 6468]
14026	[4616, 8069, 2835, 1412, 1632]
14035	[125, 9061, 2632, 4369, 5143]
14038	[9679, 503, 4488, 4450, 5399]
14039	[2981, 6743, 8280, 8620, 3268]
14040	[6270, 7912, 383, 2310, 3277]
14041	[1384, 3773, 2396, 1887, 3674]
14053	[7827, 8662, 7890, 7105, 171]
14055	[6322, 6461, 926, 5375, 3464]
14067	[5828, 329, 3297, 5492, 6100]
14081	[60, 7423, 1559, 1137, 9956]
14085	[3641, 5644, 929, 2835, 1399]
14088	[4991, 7679, 6334, 9614, 2758]
14091	[504, 3776, 2805, 3689, 3340]
14092	[7469, 5465, 4339, 5790, 9760]
14099	[7126, 598, 3656, 8163, 4884]
14101	[2284, 4725, 8649, 3718, 1998]
14104	[879, 4798, 1359, 374, 9189]
14105	[1020, 8540, 3269, 6370, 383]
14111	[6223, 5985, 2032, 301, 4890]
14118	[4681, 7708, 8944, 3127, 6646]
14136	[5016, 1645, 5815, 5390, 6309]
14137	[8227, 4357, 2346, 7368, 7388]
14138	[1945, 7569, 7356, 990, 5322]
14142	[5076, 2984, 2355, 4741, 9234]
14148	[6538, 8094, 5516, 3115, 5856]
14155	[1958, 9779, 6229, 7045, 9961]
14156	[2372, 4309, 6585, 8966, 4263]
14158	[3060, 9538, 4120, 5950, 6516]
14163	[8153, 5102, 6707, 8688, 4383]
14167	[8779, 9308, 309, 8030, 1016]
14173	[5786, 7038, 1403, 8947, 8640]
14178	[9231, 8536, 442, 4029, 1826]
14184	[9269, 4245, 6899, 4638, 1041]
14186	[431, 6850, 1579, 4166, 3584]
14205	[8227, 2347, 2488, 5441, 2346]
14213	[2648, 8037, 3380, 9097, 9074]
14215	[7132, 8868, 91, 7293, 2066]
14218	[3825, 9587, 9220, 7451, 4432]
14223	[7330, 4708, 5798, 6814, 4653]
14225	[5670, 5188, 8280, 5925, 8037]
14226	[2355, 801, 7636, 5268, 1151]
14231	[6778, 7717, 2166, 6513, 1614]
14237	[431, 6850, 103, 6538, 3797]
14238	[2808, 7891, 2608, 1789, 7057]
14243	[6006, 6389, 2896, 4554, 4652]
14248	[1887, 5430, 2197, 7008, 2579]
14261	[7527, 1470, 9934, 4380, 6410]
14263	[7364, 8661, 3438, 3452, 2383]
14276	[8550, 1460, 6279, 7473, 6817]
14281	[3701, 5501, 8006, 5734, 3449]
14285	[9987, 5449, 8163, 2986, 6219]
14287	[4006, 6756, 6560, 2871, 6681]
14292	[9124, 8672, 3452, 8022, 3900]
14294	[5314, 4266, 4022, 261, 4396]
14307	[452, 5846, 6724, 991, 3594]
14312	[9943, 1236, 4511, 1258, 9279]
14321	[8701, 3674, 4010, 2505, 2677]
14328	[2060, 7367, 7717, 1318, 2041]
14329	[9556, 7082, 6074, 8539, 7126]
14332	[431, 8006, 6850, 9773, 8094]
14345	[6536, 8037, 1901, 4875, 4898]
14347	[9210, 210, 9418, 6676, 1317]
14353	[8163, 9781, 3066, 4884, 5449]
14354	[8682, 6850, 431, 5516, 3797]
14355	[9773, 3797, 3960, 5734, 3701]
14359	[4943, 3256, 3159, 6201, 3877]
14364	[6408, 8655, 4171, 6012, 3343]
14367	[3586, 1674, 7275, 1208, 6848]
14370	[8987, 1493, 8352, 8585, 6487]
14372	[3919, 5770, 3347, 9987, 9337]
14374	[7706, 6322, 1365, 5498, 8608]
14391	[3307, 8966, 9234, 8540, 7912]
14394	[6384, 692, 7099, 5940, 2768]
14399	[5089, 2328, 4435, 6870, 5560]
14404	[5013, 5393, 1379, 6211, 5930]
14407	[8523, 9516, 6343, 7534, 1313]
14408	[3656, 1219, 4883, 2835, 6924]
14409	[3449, 9773, 1677, 3701, 5734]
14410	[598, 9577, 3985, 5449, 6331]
14412	[6054, 4949, 2920, 7293, 3193]
14413	[6450, 2287, 1887, 5531, 2677]
14414	[4006, 6560, 6756, 9609, 5553]
14416	[6070, 1296, 6223, 1902, 1392]
14418	[8318, 9519, 4026, 290, 8103]
14419	[6205, 5335, 5663, 9753, 1049]
14424	[6206, 9006, 4035, 1093, 5155]
14437	[5126, 8064, 7142, 6927, 6107]
14444	[6850, 431, 8006, 103, 5516]
14446	[6538, 1893, 3701, 9773, 8281]
14448	[4604, 9981, 2032, 8881, 2310]
14450	[2546, 7293, 4735, 5915, 4085]
14456	[5664, 9719, 967, 8087, 5677]
14458	[5666, 2628, 876, 5329, 9609]
14460	[4210, 1258, 1058, 5085, 1093]
14471	[7126, 8163, 3919, 857, 3656]
14474	[5535, 4130, 8396, 3954, 737]
14493	[7810, 3329, 6700, 8019, 5028]
14497	[4045, 8809, 3086, 8902, 1026]
14503	[8588, 3533, 773, 8045, 2244]
14509	[3342, 5025, 5274, 2241, 3371]
14512	[666, 2082, 9293, 5206, 5359]
14517	[9446, 7113, 4345, 3716, 5361]
14520	[5179, 5095, 1279, 6411, 6764]
14525	[4269, 1057, 9625, 5336, 6999]
14529	[6029, 2464, 19, 3428, 563]
14530	[1488, 5039, 5401, 6516, 2628]
14536	[3490, 8221, 9225, 5328, 3577]
14544	[5372, 2972, 7354, 7262, 6704]
14548	[903, 9002, 3481, 7873, 2064]
14551	[3159, 1485, 2260, 5979, 3876]
14558	[6822, 1632, 3641, 1399, 929]
14559	[5666, 4004, 4333, 9609, 876]
14568	[1789, 2198, 5880, 9443, 3254]
14578	[9141, 8344, 3431, 1310, 7228]
14584	[316, 9701, 5212, 9609, 5505]
14587	[316, 7719, 5666, 3565, 876]
14592	[2157, 5417, 5478, 7520, 2197]
14600	[6573, 7526, 6088, 7312, 3381]
14601	[5417, 5478, 2197, 672, 2157]
14604	[836, 6822, 6971, 5644, 9809]
14611	[5758, 4942, 76, 3523, 3647]
14623	[3586, 1674, 8682, 4166, 3797]
14624	[9984, 1852, 1559, 3440, 1718]
14625	[2310, 7721, 9750, 625, 8321]
14634	[2318, 5262, 855, 6031, 2790]
14636	[3972, 6158, 7404, 4035, 3950]
14637	[1980, 6372, 4337, 9972, 7773]
14642	[5744, 3990, 8214, 2552, 3020]
14645	[2339, 3144, 6479, 2764, 7602]
14648	[8326, 3507, 7206, 3977, 8431]
14651	[2725, 5924, 2503, 2295, 8126]
14664	[9451, 5930, 8069, 1412, 2835]
14665	[9779, 7520, 5073, 7312, 5436]
14667	[4758, 4639, 5742, 9456, 8137]
14669	[6773, 862, 8878, 8535, 5681]
14671	[4609, 9447, 3936, 3460, 9444]
14672	[3252, 6755, 2856, 1972, 4775]
14674	[3252, 6755, 2856, 4024, 9433]
14692	[6538, 182, 5856, 6039, 4157]
14694	[6096, 2430, 4237, 8706, 5409]
14698	[2382, 7785, 7834, 2540, 2191]
14703	[4264, 2298, 7218, 1005, 5244]
14709	[5169, 2940, 7589, 829, 4541]
14712	[9004, 5102, 5610, 8153, 8519]
14724	[2284, 4852, 3008, 7775, 8180]
14727	[2073, 8291, 2066, 8658, 8661]
14731	[6006, 2896, 7908, 4554, 2225]
14734	[4906, 5955, 803, 621, 7060]
14735	[9464, 6783, 5967, 9549, 7838]
14765	[8327, 261, 688, 2863, 1404]
14769	[4611, 3107, 5142, 2032, 3984]
14772	[1366, 1552, 5055, 6707, 3360]
14775	[7447, 4516, 2421, 2126, 9563]
14791	[210, 4822, 8989, 7192, 1495]
14793	[2853, 426, 766, 9978, 1284]
14795	[5929, 7426, 2425, 8211, 8365]
14797	[8981, 6588, 5558, 6144, 7369]
14802	[7220, 8762, 3421, 5678, 5037]
14803	[3688, 7218, 7458, 6153, 4424]
14806	[8911, 6245, 5865, 9831, 1948]
14812	[3776, 504, 3689, 3340, 2805]
14814	[2170, 5069, 6494, 3983, 4734]
14819	[4093, 8422, 9087, 7607, 1076]
14822	[5414, 1189, 6576, 201, 1644]
14824	[5889, 1366, 3085, 9303, 9883]
14829	[4497, 8502, 2513, 4336, 2857]
14832	[4725, 2829, 7914, 825, 5107]
14833	[5809, 3509, 1650, 7019, 2832]
14835	[6693, 1013, 2431, 1917, 7026]
14839	[5760, 4884, 3134, 2986, 8163]
14842	[2132, 672, 7373, 3122, 2760]
14844	[1980, 4337, 7190, 8220, 4521]
14845	[817, 4266, 9311, 5894, 7469]
14850	[9407, 373, 5523, 1021, 4573]
14852	[7146, 3411, 5400, 6044, 1005]
14862	[7432, 8949, 6725, 3565, 6150]
14868	[7388, 2845, 2862, 999, 7368]
14869	[6538, 3797, 1677, 4657, 103]
14870	[3364, 1050, 3210, 4677, 2277]
14882	[9059, 7090, 5388, 3897, 1554]
14885	[5417, 178, 2132, 3936, 9494]
14887	[8092, 1494, 3713, 5815, 5591]
14891	[9, 8151, 2540, 245, 1504]
14893	[1774, 7671, 3527, 6769, 1171]
14900	[5101, 5738, 9715, 1220, 7098]
14901	[1929, 3458, 397, 8517, 5970]
14904	[2952, 6641, 8477, 4227, 8423]
14909	[1979, 6141, 7581, 3186, 7910]
14922	[179, 1644, 7193, 8362, 5588]
14932	[7126, 3656, 8163, 871, 598]
14936	[1572, 1033, 8688, 9932, 3819]
14945	[8235, 7581, 1979, 1150, 277]
14951	[7161, 672, 7912, 3800, 7520]
14954	[4095, 9451, 4063, 5007, 8060]
14963	[3957, 1239, 5804, 755, 936]
14965	[876, 9812, 5206, 3565, 7622]
14969	[672, 7161, 5417, 5263, 2157]
14976	[9141, 2610, 5975, 4654, 4270]
14978	[6988, 3284, 8126, 6878, 9665]
14981	[8220, 6372, 7773, 4337, 1980]
14986	[8163, 9265, 8686, 3066, 1508]
14999	[4694, 2767, 7586, 3471, 8845]
15003	[3372, 3224, 6823, 6605, 430]
15004	[1460, 6279, 7473, 7150, 9674]
15006	[3490, 5212, 5985, 2032, 5940]
15007	[2714, 6461, 9599, 2777, 4516]
15009	[7122, 2547, 8060, 4063, 2338]
15017	[4303, 3811, 3381, 6539, 8567]
15018	[8054, 1500, 5224, 1765, 4703]
15021	[8235, 7581, 9157, 5441, 277]
15028	[9564, 3647, 5391, 3200, 4239]
15029	[2442, 4391, 8072, 1826, 3702]
15041	[459, 4371, 139, 7274, 836]
15048	[3281, 4213, 7608, 5085, 1258]
15054	[2157, 5417, 6946, 5478, 8540]
15058	[6275, 9807, 4333, 4004, 5666]
15060	[4788, 5080, 5900, 2066, 7522]
15069	[6585, 8730, 591, 196, 8357]
15075	[3663, 2738, 9434, 5920, 8517]
15076	[8302, 183, 8261, 8983, 7203]
15078	[2009, 4516, 3311, 3800, 2310]
15080	[7073, 19, 9356, 6979, 5723]
15083	[3919, 6331, 5508, 2429, 4265]
15085	[8126, 6988, 1688, 6840, 7442]
15087	[2077, 3797, 6538, 431, 6850]
15092	[6329, 9756, 6, 1737, 9444]
15095	[3749, 3800, 1887, 5430, 1003]
15105	[9465, 1410, 1982, 3205, 3543]
15107	[8730, 6134, 6798, 196, 3837]
15110	[2621, 4974, 316, 6321, 1253]
15113	[4045, 8809, 3086, 2430, 75]
15120	[821, 9601, 1440, 1919, 8287]
15124	[7873, 7730, 7665, 5044, 7280]
15129	[6441, 271, 1848, 8369, 1828]
15137	[6077, 5145, 5337, 9506, 7855]
15148	[9490, 5170, 4900, 1953, 7151]
15152	[7387, 6436, 7752, 3112, 7029]
15163	[8126, 6988, 427, 1688, 7442]
15175	[8189, 5812, 3364, 2791, 4013]
15178	[5927, 8425, 3249, 5653, 8156]
15182	[8688, 1572, 7863, 9665, 5610]
15184	[3372, 1818, 5572, 6860, 8347]
15187	[4943, 4662, 8722, 3570, 2290]
15205	[8423, 6870, 3920, 5814, 4435]
15210	[1489, 370, 3293, 6483, 4316]
15214	[8648, 436, 4535, 6788, 8693]
15222	[5465, 1282, 5093, 9809, 7027]
15232	[8227, 7220, 7806, 4184, 2840]
15235	[7799, 5143, 159, 5663, 587]
15236	[6124, 7353, 5711, 7714, 1989]
15242	[2840, 4405, 8227, 2669, 5462]
15247	[1887, 3229, 9168, 1003, 8894]
15250	[3089, 6615, 6792, 8498, 4156]
15254	[3784, 4541, 7045, 3759, 6653]
15261	[1547, 5640, 394, 2965, 5601]
15263	[2687, 5560, 6870, 6641, 6253]
15271	[1210, 929, 8195, 4615, 1871]
15278	[8523, 6343, 9516, 5370, 1313]
15284	[2318, 7086, 2790, 855, 5237]
15287	[4095, 6798, 4063, 3250, 591]
15290	[8688, 9665, 8153, 9588, 9004]
15298	[9417, 8337, 5865, 6581, 2412]
15300	[7201, 1540, 6764, 84, 2046]
15302	[7663, 5977, 2626, 1357, 7566]
15304	[9273, 4972, 2769, 5100, 8342]
15310	[2505, 4010, 2677, 7478, 7120]
15331	[6810, 3994, 5268, 3269, 8540]
15334	[2881, 5411, 5683, 9303, 999]
15336	[4116, 1072, 8608, 8471, 6555]
15337	[1845, 4920, 8755, 937, 1853]
15340	[3784, 4541, 7045, 3759, 6653]
15345	[9679, 503, 827, 4488, 886]
15348	[9668, 1242, 5685, 1342, 9581]
15352	[9094, 5619, 585, 5127, 1136]
15353	[6324, 7433, 5779, 3826, 4699]
15362	[6850, 431, 5856, 5516, 9773]
15365	[7610, 2842, 1877, 1664, 3467]
15368	[9172, 5655, 9936, 6235, 3203]
15369	[1572, 5102, 9665, 9588, 9004]
15373	[2720, 6844, 6319, 7972, 49]
15377	[461, 4764, 6158, 553, 3084]
15380	[4894, 2096, 2162, 4698, 3032]
15381	[2145, 1519, 8037, 6324, 7433]
15385	[5610, 1572, 8688, 5782, 8519]
15397	[7161, 9667, 3233, 5465, 5268]
15399	[9785, 693, 9305, 3986, 8105]
15401	[6679, 11, 4135, 8012, 4013]
15408	[3919, 8823, 9577, 9987, 598]
15410	[3364, 1050, 1510, 1924, 3210]
15411	[7161, 5417, 2132, 5478, 2157]
15420	[3515, 3163, 1372, 5862, 8063]
15421	[2991, 5397, 5698, 3798, 5160]
15431	[316, 9234, 9779, 5678, 2984]
15434	[3957, 1239, 5846, 936, 5116]
15436	[9679, 298, 4780, 7198, 9228]
15439	[836, 6971, 8439, 4104, 5647]
15442	[4259, 8886, 5059, 3444, 9038]
15449	[1774, 7671, 3527, 6769, 3009]
15455	[2800, 9340, 2551, 5046, 9633]
15457	[6432, 5268, 5219, 782, 3562]
15461	[3252, 2856, 6755, 1972, 6364]
15474	[6573, 4303, 3811, 6088, 3741]
15476	[1789, 9868, 6334, 1899, 8658]
15478	[1887, 6909, 3674, 2132, 2396]
15479	[4094, 2271, 9721, 4783, 8614]
15485	[7113, 1424, 9971, 7299, 5047]
15491	[6250, 447, 2369, 7518, 6977]
15494	[1642, 1863, 4384, 3068, 5304]
15498	[2233, 4533, 7756, 2343, 5854]
15503	[7073, 9555, 6503, 5949, 309]
15505	[1293, 1050, 3364, 1510, 4013]
15514	[3490, 5465, 2777, 4871, 9137]
15529	[1118, 8700, 8267, 1717, 4343]
15533	[6675, 6668, 2749, 664, 5170]
15539	[7440, 3452, 6339, 4511, 7364]
15541	[2621, 6321, 5329, 876, 316]
15542	[1463, 2154, 7936, 8647, 1765]
15547	[5558, 6588, 5949, 5029, 2752]
15553	[8728, 2064, 903, 1852, 7873]
15562	[8522, 2881, 672, 8058, 4386]
15563	[6946, 1020, 3269, 1728, 9234]
15567	[427, 5807, 4363, 7894, 3333]
15570	[2145, 2313, 2246, 5600, 5925]
15573	[6946, 2818, 7432, 252, 111]
15580	[3883, 3483, 8377, 3263, 6805]
15622	[5856, 103, 3797, 6850, 431]
15625	[9537, 3908, 3056, 9684, 4244]
15627	[7117, 879, 4134, 1853, 4798]
15628	[4462, 7280, 3629, 5044, 9843]
15635	[2271, 4094, 9721, 4783, 470]
15655	[9625, 785, 4478, 4784, 8420]
15659	[6538, 356, 5864, 3449, 103]
15660	[4167, 81, 9848, 6257, 9407]
15662	[6769, 3527, 4397, 6331, 6480]
15669	[2806, 4291, 4688, 5778, 8016]
15672	[709, 2244, 8732, 7528, 4051]
15676	[111, 1239, 2829, 2351, 936]
15680	[9182, 3224, 9620, 2715, 3847]
15682	[1632, 8069, 3641, 4616, 4883]
15688	[7095, 929, 3424, 1381, 7309]
15691	[2158, 4002, 5981, 2402, 1444]
15699	[6598, 8539, 4292, 4422, 4397]
15701	[5518, 1368, 8991, 4601, 2033]
15714	[9317, 5920, 8185, 1699, 2374]
15736	[3298, 9092, 9711, 8498, 8452]
15741	[4238, 7229, 9992, 1531, 9844]
15748	[7773, 9350, 8220, 6372, 3059]
15751	[4264, 2298, 6153, 5244, 2383]
15752	[6441, 8369, 7127, 1006, 271]
15755	[4365, 7818, 618, 3923, 9410]
15757	[7612, 5465, 4464, 2613, 260]
15759	[1887, 8404, 3936, 3229, 9520]
15763	[1293, 362, 3621, 3364, 1050]
15778	[7575, 4148, 2122, 1384, 2398]
15784	[9040, 6200, 8304, 171, 9570]
15796	[6538, 1239, 9653, 1713, 4717]
15813	[4406, 9809, 1820, 6599, 3117]
15820	[879, 374, 7117, 8069, 1359]
15821	[4202, 7043, 4442, 9642, 4289]
15823	[1741, 8502, 6911, 7057, 8293]
15834	[6822, 836, 8861, 8069, 4616]
15837	[265, 9244, 6742, 8728, 1443]
15838	[9490, 5170, 5549, 7151, 4900]
15839	[268, 7454, 6696, 3355, 495]
15846	[3992, 723, 4543, 6430, 7151]
15850	[9678, 7986, 6210, 8953, 3062]
15852	[2145, 3077, 8037, 5600, 2313]
15853	[857, 83, 997, 3656, 2822]
15854	[9465, 1410, 1982, 3063, 3205]
15859	[5025, 3342, 3371, 296, 5274]
15861	[9721, 4094, 2271, 7952, 3177]
15863	[6065, 1819, 4739, 5444, 9793]
15866	[473, 8276, 4909, 8320, 2732]
15870	[749, 284, 7753, 506, 7985]
15871	[6516, 1488, 5950, 2471, 5401]
15880	[8163, 2818, 4884, 9577, 1508]
15882	[6604, 9885, 3110, 9960, 612]
15889	[2634, 6860, 5527, 9053, 5924]
15892	[6665, 1064, 9751, 7029, 6808]
15899	[688, 1372, 844, 8179, 7601]
15901	[8163, 1508, 361, 6331, 3134]
15902	[4716, 8674, 95, 4612, 171]
15911	[431, 6850, 3797, 6538, 5516]
15915	[3663, 8121, 9157, 3425, 3372]
15917	[4156, 1111, 8498, 5241, 6880]
15919	[9630, 7008, 4725, 8649, 6535]
15926	[6850, 9773, 1677, 431, 103]
15934	[8423, 5560, 5186, 5865, 6870]
15942	[2919, 2372, 8321, 5205, 6010]
15943	[9171, 7082, 8539, 6598, 6074]
15947	[7430, 6459, 5399, 2841, 3590]
15949	[8273, 3511, 8058, 6088, 7312]
15952	[6516, 5039, 5401, 1488, 3952]
15954	[6185, 1076, 6274, 4358, 2812]
15956	[5624, 2118, 2485, 6291, 7732]
15961	[8294, 3374, 8323, 3662, 6934]
15962	[2170, 5069, 6494, 9372, 7353]
15973	[4758, 4639, 5742, 9456, 4555]
15974	[4264, 2298, 94, 6153, 5244]
15977	[8122, 2532, 993, 2390, 7938]
15979	[3701, 5734, 8281, 3905, 3960]
15983	[8024, 4015, 3774, 4030, 3374]
15987	[2687, 2708, 6253, 402, 5977]
15988	[2145, 6370, 7433, 8037, 2323]
15992	[1642, 1863, 4384, 3068, 8742]
15996	[4779, 4324, 7321, 6397, 5527]
16000	[9657, 1944, 333, 5836, 3739]
16002	[1239, 8304, 5328, 2579, 6883]
16006	[5758, 8394, 6017, 5182, 9655]
16015	[4986, 3263, 1031, 1148, 2325]
16026	[709, 8045, 3766, 5865, 7528]
16027	[2968, 5883, 3409, 9663, 7179]
16030	[1384, 4010, 3773, 1887, 2893]
16036	[3551, 8184, 9208, 6565, 6254]
16045	[7073, 4822, 8851, 1263, 6126]
16053	[9094, 2585, 6093, 9249, 4118]
16054	[7962, 2627, 3313, 1169, 5716]
16056	[2145, 3077, 6370, 2984, 660]
16057	[5786, 7038, 8640, 1403, 3435]
16061	[1259, 4191, 8394, 968, 5264]
16064	[2714, 7368, 2346, 6273, 2777]
16065	[9985, 5717, 9438, 4025, 1147]
16071	[5074, 5658, 5165, 2206, 9646]
16072	[6070, 3269, 9483, 2984, 960]
16077	[1552, 4591, 5498, 1993, 7706]
16080	[1347, 764, 1979, 1150, 391]
16081	[1398, 2554, 79, 8829, 4902]
16083	[3364, 7586, 1050, 2484, 7311]
16089	[3749, 3800, 672, 9168, 7150]
16091	[3364, 1050, 635, 1924, 1510]
16092	[3855, 2298, 4210, 9868, 4424]
16101	[5264, 9390, 1259, 8394, 9365]
16105	[7122, 2547, 9321, 2338, 1800]
16109	[8220, 7765, 4337, 1484, 7980]
16111	[2442, 4391, 1826, 7914, 8072]
16114	[4172, 4807, 448, 7489, 6681]
16120	[9171, 1006, 2443, 4776, 6895]
16140	[4094, 2271, 470, 9721, 4783]
16147	[6538, 6039, 3797, 6850, 3584]
16156	[4534, 8721, 1689, 752, 2402]
16168	[7122, 2547, 4063, 4095, 5584]
16171	[3565, 9336, 5683, 8634, 7354]
16181	[3520, 6439, 2215, 4551, 2770]
16183	[5439, 1954, 9008, 1660, 7894]
16185	[4013, 3224, 5382, 1588, 4005]
16186	[7367, 2644, 2850, 7827, 8662]
16197	[8910, 7865, 4677, 3210, 326]
16198	[3784, 4541, 9471, 3759, 7045]
16201	[598, 3347, 9809, 5189, 9987]
16203	[5758, 7706, 3884, 2904, 4516]
16212	[582, 9200, 3409, 6165, 942]
16224	[752, 8721, 4534, 6885, 1689]
16228	[3229, 1887, 6751, 1003, 5531]
16245	[1979, 4324, 4175, 1150, 4208]
16246	[5179, 1141, 1279, 5554, 6411]
16252	[5768, 1424, 1858, 7754, 9447]
16253	[4911, 1602, 3612, 7055, 3673]
16261	[6322, 7706, 5240, 1365, 2341]
16265	[7239, 4496, 6198, 7708, 3671]
16269	[8688, 1572, 5610, 8663, 8519]
16272	[4345, 5741, 9846, 3855, 3519]
16275	[7150, 5478, 7161, 198, 3800]
16291	[3338, 4641, 5850, 4383, 1422]
16301	[873, 3186, 787, 7021, 8347]
16303	[5465, 260, 5007, 9844, 8940]
16306	[3347, 7451, 6331, 9987, 4884]
16311	[6516, 5950, 1488, 2044, 7638]
16315	[6296, 2530, 164, 7660, 7519]
16317	[3833, 6896, 2593, 206, 8720]
16320	[1888, 6614, 5232, 1990, 464]
16332	[1050, 3364, 7586, 2484, 1510]
16334	[7469, 5354, 8540, 6461, 8764]
16343	[1790, 7150, 5243, 5540, 7664]
16356	[9807, 4333, 4004, 5666, 6275]
16361	[4398, 3697, 3797, 6538, 5856]
16367	[6745, 5480, 2586, 7191, 4522]
16369	[2687, 6870, 5560, 6641, 9476]
16370	[8540, 1020, 7469, 1519, 383]
16373	[9908, 9851, 4899, 1815, 6634]
16380	[1301, 6684, 831, 6271, 8800]
16384	[7327, 583, 3733, 1112, 1764]
16386	[836, 1186, 1144, 7631, 2150]
16397	[7851, 3766, 8045, 1494, 5865]
16402	[6538, 662, 4166, 4657, 3584]
16403	[8452, 3452, 4934, 4511, 7608]
16407	[1350, 1720, 4705, 1793, 7632]
16411	[7732, 5396, 618, 2132, 1455]
16416	[7225, 9447, 7906, 3199, 4137]
16417	[2533, 972, 133, 2793, 7842]
16425	[1293, 5382, 4390, 8012, 3591]
16436	[961, 110, 9719, 5664, 6032]
16437	[6850, 431, 3797, 6538, 9773]
16442	[3628, 2752, 5797, 4150, 100]
16450	[7325, 9059, 1572, 7561, 3926]
16457	[9577, 3919, 598, 9987, 6570]
16464	[7648, 4728, 3621, 9933, 3583]
16469	[6850, 103, 3797, 431, 662]
16475	[8963, 7708, 8153, 7287, 5301]
16478	[8973, 9872, 4356, 8899, 8613]
16481	[9620, 6899, 5267, 8594, 6397]
16482	[9172, 7773, 3059, 4337, 5746]
16483	[9812, 7722, 5694, 658, 9365]
16484	[7841, 6572, 8040, 7675, 6709]
16485	[3008, 8180, 3115, 3905, 6863]
16486	[6100, 3277, 7220, 7806, 383]
16487	[7610, 9165, 3467, 1469, 2842]
16495	[6946, 672, 812, 2132, 9040]
16497	[8163, 1508, 3134, 6361, 8686]
16505	[4156, 1111, 6880, 2329, 8498]
16511	[8793, 4095, 8966, 2547, 2338]
16514	[9494, 5331, 4857, 3056, 6666]
16519	[5345, 6408, 72, 3343, 2402]
16527	[201, 361, 2986, 6331, 4397]
16528	[2621, 145, 2556, 6693, 1253]
16534	[8688, 1033, 9932, 3819, 9004]
16548	[8688, 1572, 5610, 5782, 9588]
16555	[2795, 5417, 672, 2197, 812]
16556	[7566, 4432, 1357, 6819, 5977]
16561	[5417, 2482, 2157, 2795, 672]
16562	[2723, 9471, 1893, 1239, 6039]
16577	[693, 1737, 1006, 3996, 3830]
16580	[5811, 569, 9365, 4996, 439]
16587	[2298, 9868, 1047, 4264, 7016]
16588	[5734, 5307, 9169, 1250, 6185]
16592	[6877, 8420, 2476, 6823, 6677]
16594	[9549, 8800, 5384, 6157, 3717]
16599	[3952, 9609, 2628, 3565, 4345]
16615	[6842, 8453, 5213, 6243, 3907]
16618	[3254, 3068, 9443, 4556, 7007]
16623	[5422, 4268, 9321, 3585, 591]
16625	[4579, 2551, 4847, 7767, 1983]
16633	[431, 8006, 8094, 9773, 3983]
16638	[4616, 8069, 3641, 2835, 1412]
16639	[6675, 6668, 8475, 9907, 2749]
16642	[6519, 5142, 7761, 5861, 1424]
16644	[5247, 2281, 4458, 4735, 578]
16646	[8220, 4337, 4946, 7773, 6235]
16648	[7330, 2598, 6814, 2613, 7722]
16657	[662, 9773, 5516, 3701, 4398]
16669	[5397, 2880, 4424, 6153, 9279]
16670	[9500, 9503, 6411, 7796, 2334]
16671	[5442, 9266, 8595, 8851, 6126]
16680	[662, 5856, 103, 3983, 5516]
16688	[4909, 72, 7166, 4525, 3636]
16694	[1554, 2629, 1760, 1996, 7141]
16704	[3362, 8458, 7037, 882, 4725]
16715	[1587, 4321, 3101, 7550, 8950]
16716	[5351, 5025, 3342, 2241, 296]
16717	[1526, 8851, 9266, 9245, 7112]
16730	[5750, 7572, 8059, 5608, 2758]
16733	[4345, 7722, 5790, 6461, 5680]
16748	[4396, 5054, 7317, 22, 944]
16753	[8660, 9819, 1372, 688, 2572]
16754	[6439, 2770, 2789, 3520, 2268]
16759	[1020, 2663, 2346, 5125, 2488]
16762	[5074, 2994, 3961, 5358, 8053]
16768	[218, 1310, 4654, 6764, 902]
16771	[7960, 824, 4269, 8427, 5190]
16776	[8800, 1367, 4622, 3717, 3004]
16778	[284, 1549, 9597, 7561, 6128]
16783	[70, 3416, 4980, 8874, 8227]
16786	[6070, 1296, 1902, 8283, 293]
16789	[3919, 8823, 9987, 9577, 7451]
16791	[9627, 9451, 929, 5977, 6819]
16795	[5397, 5244, 2880, 3128, 4424]
16803	[6791, 720, 4035, 7831, 2882]
16812	[6736, 816, 3326, 9902, 7722]
16817	[876, 9609, 4063, 8060, 2338]
16819	[3013, 877, 9571, 3054, 7303]
16824	[3512, 5165, 266, 2199, 1856]
16826	[4199, 8798, 3549, 4279, 7563]
16827	[2601, 3897, 9515, 6603, 2719]
16828	[6850, 431, 3797, 103, 5516]
16831	[9705, 4017, 785, 5867, 3181]
16833	[9290, 2394, 386, 8380, 4752]
16834	[9038, 9003, 4259, 3761, 5405]
16843	[9361, 9088, 530, 5305, 8269]
16845	[6755, 3252, 2856, 1972, 6251]
16847	[6850, 431, 5856, 3797, 103]
16849	[8227, 2802, 2346, 3765, 4357]
16851	[6812, 8969, 8602, 8885, 4401]
16852	[4815, 4927, 8582, 4669, 1315]
16861	[5821, 5623, 8251, 9198, 982]
16863	[8387, 9221, 5226, 7420, 6350]
16868	[3776, 504, 2805, 3340, 3689]
16876	[3741, 8567, 1795, 6539, 9565]
16881	[6592, 7719, 9587, 1687, 293]
16883	[7032, 5610, 4891, 8126, 8688]
16889	[7921, 8944, 996, 4395, 8153]
16900	[4949, 2920, 6054, 6045, 3193]
16905	[5179, 6162, 1279, 6764, 6635]
16912	[1210, 6300, 1932, 22, 1456]
16913	[6696, 6819, 1498, 402, 177]
16916	[1270, 5336, 8295, 5970, 7045]
16917	[2592, 1415, 3744, 4285, 275]
16921	[7520, 1020, 3233, 4571, 3277]
16923	[6773, 3777, 8878, 6556, 2062]
16955	[6226, 9840, 9535, 7766, 237]
16962	[8244, 3860, 2458, 9259, 5381]
16963	[4674, 4899, 5329, 8057, 2903]
16967	[3252, 6755, 2856, 3372, 1972]
16972	[4888, 7014, 5666, 7388, 3517]
16979	[3520, 330, 7973, 4551, 3575]
16981	[953, 4991, 7679, 6334, 9614]
16987	[9886, 8819, 6475, 964, 1169]
16988	[4188, 5442, 5205, 9266, 4691]
16996	[8988, 7629, 6344, 8502, 2857]
17000	[1955, 2371, 6977, 6347, 3124]
17001	[6989, 4003, 2973, 6363, 8867]
17002	[3328, 3409, 9663, 8585, 6721]
17008	[2093, 5768, 1029, 2702, 9231]
17009	[836, 4104, 6971, 888, 8439]
17016	[2840, 8874, 7382, 1203, 1823]
17025	[6791, 7831, 720, 5647, 2882]
17027	[4888, 3077, 1373, 6370, 5811]
17028	[5850, 8755, 2945, 4443, 2505]
17029	[5039, 5401, 2080, 145, 9632]
17030	[1979, 7581, 873, 3468, 7735]
17034	[8245, 8690, 3955, 2725, 1572]
17049	[5786, 8640, 113, 3435, 1403]
17053	[7707, 8118, 6190, 5578, 1760]
17058	[9802, 9868, 7841, 9057, 8767]
17060	[260, 5465, 1282, 9321, 591]
17062	[1728, 6762, 495, 144, 1687]
17065	[7362, 3224, 3372, 6823, 7777]
17075	[2982, 2191, 4945, 2382, 7479]
17076	[3733, 6046, 9191, 3565, 2881]
17089	[8688, 5610, 8153, 6991, 9004]
17090	[2241, 5025, 8798, 5810, 3145]
17093	[4125, 2779, 7159, 3071, 2018]
17094	[5954, 1130, 4035, 1121, 858]
17097	[9361, 530, 8647, 2905, 9088]
17100	[3957, 6990, 1239, 9429, 9125]
17101	[1482, 6483, 9381, 3945, 4587]
17106	[1887, 3229, 1003, 5531, 5430]
17108	[2677, 3059, 5898, 4010, 6895]
17111	[4006, 9609, 316, 2871, 5553]
17114	[6538, 182, 5283, 5856, 3797]
17120	[315, 2288, 2783, 873, 1416]
17123	[7016, 5322, 7218, 1122, 8432]
17129	[1989, 9850, 7714, 7353, 7209]
17130	[4230, 4716, 4178, 95, 4612]
17138	[4868, 2677, 2674, 7432, 4010]
17139	[8860, 885, 4139, 9384, 4211]
17140	[8235, 7581, 1979, 2177, 2421]
17145	[6822, 8069, 5644, 1412, 3641]
17148	[3269, 8540, 2870, 1020, 9305]
17153	[4199, 3549, 4279, 2375, 1737]
17154	[3919, 3799, 7126, 5189, 598]
17159	[7761, 7113, 5809, 1650, 1143]
17164	[6269, 4979, 1901, 4285, 1304]
17170	[4674, 9908, 4899, 290, 868]
17173	[9868, 1236, 4674, 6524, 2273]
17180	[8701, 3674, 9168, 2893, 860]
17183	[1171, 6540, 9736, 1296, 5047]
17193	[1572, 2769, 8688, 8153, 8690]
17196	[6077, 5145, 9506, 5337, 8269]
17197	[9134, 2177, 1784, 3847, 1552]
17200	[5212, 9055, 1841, 2579, 2849]
17203	[9701, 316, 9609, 2310, 8232]
17209	[9908, 3704, 6674, 1077, 2613]
17211	[9773, 6850, 431, 5856, 3697]
17215	[9677, 3177, 7952, 470, 1451]
17216	[7239, 4496, 8264, 6502, 4327]
17228	[5179, 1279, 5095, 5554, 6411]
17235	[5977, 7663, 2626, 3752, 177]
17239	[1460, 6279, 7473, 888, 6686]
17249	[1888, 6614, 9817, 859, 5343]
17258	[6594, 4695, 3857, 6713, 5358]
17260	[3190, 2094, 1837, 2024, 9958]
17264	[6538, 5283, 662, 5856, 4398]
17265	[3749, 8894, 8822, 1887, 3800]
17271	[6890, 1691, 9194, 31, 1920]
17285	[4852, 8269, 6279, 4024, 4382]
17286	[3107, 9784, 4611, 6155, 2032]
17293	[3004, 5176, 5082, 2399, 8800]
17300	[3528, 4213, 922, 7568, 3378]
17301	[9141, 4116, 5432, 8344, 3431]
17305	[3355, 9999, 1151, 4070, 8977]
17310	[9480, 6783, 3970, 9360, 8056]
17311	[3013, 9571, 877, 3054, 2895]
17316	[9779, 7045, 2042, 383, 9747]
17336	[2013, 9779, 1929, 2663, 5692]
17338	[8163, 8686, 4884, 3656, 1508]
17339	[7719, 4427, 3330, 8966, 2948]
17341	[473, 8276, 7263, 5327, 4909]
17359	[4199, 4279, 6280, 8798, 9043]
17360	[1979, 1150, 3186, 1461, 4324]
17361	[3890, 3020, 3653, 2552, 6902]
17364	[9886, 3118, 3001, 4822, 4161]
17367	[9310, 545, 2783, 5441, 743]
17368	[5828, 3297, 252, 3697, 6100]
17369	[4006, 6560, 6756, 2871, 9587]
17371	[4991, 7679, 6334, 6181, 9614]
17378	[9124, 8022, 3452, 1372, 5085]
17386	[201, 4397, 5588, 6361, 5414]
17391	[6160, 9059, 8843, 7141, 9618]
17397	[4674, 4899, 6693, 868, 2507]
17399	[2765, 9059, 6823, 1082, 6192]
17400	[2765, 5335, 1760, 1996, 6823]
17401	[3169, 8391, 4650, 1616, 2977]
17403	[2094, 3190, 8951, 7446, 8710]
17408	[1746, 4916, 1999, 4214, 8673]
17413	[3364, 4013, 1050, 2484, 4982]
17415	[4674, 7232, 5359, 5862, 5434]
17417	[4401, 6157, 1455, 2117, 8976]
17419	[509, 6432, 3241, 9040, 2685]
17424	[6592, 6350, 3005, 9587, 8966]
17431	[8520, 9501, 5389, 1239, 8416]
17432	[5516, 103, 431, 6850, 1677]
17439	[9004, 6878, 1572, 9588, 9665]
17445	[5547, 595, 5885, 4974, 8380]
17448	[3839, 6993, 9593, 9543, 175]
17456	[3300, 6237, 5826, 7335, 3629]
17463	[4094, 2271, 7952, 470, 9721]
17464	[1614, 9525, 4192, 8395, 5788]
17465	[8863, 9033, 9513, 8770, 6404]
17466	[2806, 4291, 8016, 6477, 4286]
17483	[8088, 2775, 6826, 3565, 5667]
17484	[9908, 8103, 4899, 9851, 9519]
17485	[431, 6850, 3905, 3697, 1579]
17489	[4584, 6565, 7495, 1618, 6254]
17491	[8540, 383, 7452, 7912, 6370]
17497	[5478, 618, 7150, 316, 672]
17500	[6334, 4345, 579, 7045, 3655]
17510	[3086, 8809, 1586, 751, 2300]
17515	[6179, 5148, 2771, 3699, 8199]
17520	[4559, 868, 9519, 1047, 156]
17522	[4406, 3279, 1364, 6688, 9318]
17526	[1871, 22, 4615, 1210, 5007]
17533	[9678, 7986, 4149, 8953, 4246]
17535	[5931, 7857, 4917, 9394, 8872]
17536	[3169, 8391, 5704, 6557, 4753]
17537	[659, 3026, 7441, 9943, 2885]
17549	[4548, 4579, 1621, 2613, 1212]
17553	[7161, 1020, 7520, 5417, 672]
17557	[7534, 2598, 2558, 7701, 8158]
17559	[4662, 9031, 817, 761, 3977]
17561	[1887, 178, 5430, 6909, 2396]
17564	[3776, 3689, 504, 2805, 3340]
17565	[2060, 7717, 2041, 4665, 3065]
17569	[5297, 997, 2855, 1282, 3725]
17570	[997, 9577, 3585, 5505, 6331]
17571	[4749, 8800, 1147, 9570, 5717]
17574	[7375, 730, 7371, 9555, 5949]
17577	[2628, 4333, 4004, 5039, 3952]
17581	[2687, 5186, 5560, 6253, 268]
17586	[4681, 7708, 334, 8944, 7863]
17594	[6604, 9960, 8769, 3110, 9885]
17606	[1367, 4433, 8800, 5410, 5176]
17621	[3342, 5025, 3371, 296, 5274]
17623	[7915, 8434, 481, 2126, 5441]
17624	[178, 3749, 5430, 3936, 1887]
17625	[1979, 7910, 5572, 3468, 7581]
17631	[3674, 8701, 1887, 7432, 2396]
17633	[9059, 5610, 5133, 9073, 6991]
17637	[4716, 9234, 3865, 3930, 9296]
17640	[3013, 9571, 877, 3054, 1579]
17644	[7367, 6563, 2850, 4984, 212]
17652	[6488, 7138, 3428, 777, 4139]
17653	[9494, 6666, 5331, 8734, 8826]
17657	[2155, 7045, 6181, 4197, 1633]
17660	[2770, 6439, 2215, 9847, 2268]
17661	[6024, 5871, 5988, 7498, 9101]
17665	[4358, 6274, 2812, 6185, 1076]
17666	[7416, 8840, 6155, 9406, 1461]
17672	[1595, 8884, 4395, 4011, 6246]
17673	[7931, 1034, 1668, 2484, 8931]
17677	[8903, 4413, 9396, 8531, 765]
17679	[5600, 6266, 3346, 5188, 5670]
17681	[5401, 5039, 6516, 6479, 9538]
17683	[8794, 9102, 687, 7959, 7494]
17686	[3575, 6605, 2215, 3041, 3224]
17689	[2592, 1415, 3102, 6109, 4285]
17693	[9141, 4116, 4654, 6761, 1072]
17700	[1887, 5531, 1003, 3229, 6751]
17705	[9712, 4383, 4553, 7417, 3930]
17707	[6441, 271, 1848, 8369, 4595]
17710	[8609, 9324, 3853, 8413, 4553]
17719	[879, 1988, 1412, 1845, 3656]
17729	[5610, 5782, 6088, 9665, 9456]
17737	[415, 5174, 6260, 7006, 9313]
17745	[3167, 3749, 3800, 3565, 2372]
17747	[7644, 2403, 1384, 5799, 5912]
17749	[7190, 7109, 5192, 6764, 653]
17750	[3284, 6080, 8663, 334, 4760]
17759	[9269, 4245, 4638, 9487, 6122]
17764	[806, 9059, 7141, 378, 1281]
17770	[67, 4188, 9266, 264, 1476]
17784	[5652, 7254, 9312, 2787, 1848]
17787	[4616, 1632, 8069, 3641, 9346]
17792	[9206, 6895, 2677, 3322, 3674]
17797	[2132, 6946, 8540, 171, 9040]
17800	[1189, 5414, 6352, 6576, 598]
17827	[1282, 1646, 6599, 7027, 7187]
17829	[431, 8094, 8006, 6538, 9773]
17835	[5297, 985, 8387, 9126, 3585]
17837	[1595, 8944, 4395, 7708, 5068]
17842	[8791, 5260, 1469, 8781, 6740]
17844	[9949, 1790, 7150, 9667, 1893]
17848	[6329, 9756, 768, 3521, 1737]
17849	[4852, 753, 3159, 6362, 4296]
17850	[7853, 4514, 2421, 8583, 4516]
17852	[5051, 7397, 5081, 4313, 4512]
17861	[3515, 3163, 9443, 5862, 1372]
17865	[1020, 5790, 5680, 1812, 3269]
17868	[8178, 7448, 7761, 2776, 9954]
17875	[9481, 103, 3797, 6919, 1618]
17879	[3919, 3985, 9987, 3730, 5770]
17881	[7024, 6144, 577, 7605, 6228]
17885	[5444, 9065, 9957, 3056, 4449]
17888	[5824, 5192, 7311, 3464, 1556]
17893	[4015, 8323, 3774, 4699, 3374]
17900	[2442, 6638, 1826, 1810, 8072]
17901	[5002, 269, 6782, 2802, 7980]
17905	[953, 9614, 9100, 1503, 4991]
17908	[1290, 171, 3367, 7105, 7035]
17909	[5977, 2626, 1480, 5845, 6597]
17912	[1020, 7469, 3277, 383, 9653]
17915	[9134, 5441, 5409, 1542, 1784]
17920	[5715, 5449, 9577, 5189, 9987]
17921	[410, 5464, 8517, 5824, 4309]
17922	[4094, 2271, 9721, 4783, 6195]
17934	[8422, 4093, 9087, 7607, 1076]
17950	[2777, 5037, 1369, 7603, 5238]
17956	[8593, 3716, 916, 7909, 9444]
17958	[3089, 4289, 545, 9847, 3464]
17966	[2616, 7607, 4408, 8478, 3524]
17973	[7751, 4479, 9343, 6380, 3908]
17978	[4888, 7194, 9653, 8505, 9715]
17980	[1890, 7084, 7806, 3789, 4980]
17981	[7225, 9447, 7906, 9168, 5629]
17983	[6769, 3527, 4397, 9577, 5189]
17999	[9438, 9985, 5717, 5183, 3930]
18004	[5954, 6650, 8106, 3799, 6328]
18012	[8035, 4938, 6450, 6819, 7533]
18021	[2506, 1594, 4949, 1532, 9055]
18032	[6096, 2430, 5730, 8369, 1143]
18033	[3364, 1050, 635, 5583, 7141]
18034	[6689, 3352, 4335, 8308, 7741]
18036	[4357, 4043, 1358, 5058, 7980]
18037	[4767, 2391, 285, 8871, 4987]
18042	[6960, 1753, 6536, 7358, 4996]
18046	[1555, 8847, 9800, 7995, 6313]
18047	[5179, 6411, 4521, 5554, 102]
18048	[8028, 2899, 1329, 1004, 1701]
18052	[3528, 4213, 8401, 6001, 8022]
18058	[3307, 1459, 1502, 9241, 7352]
18060	[2155, 8958, 3848, 6181, 3759]
18065	[8227, 4980, 2346, 2840, 2488]
18066	[3749, 3800, 3936, 9168, 5430]
18067	[2668, 5672, 6880, 1215, 4321]
18070	[7539, 5188, 8098, 383, 6266]
18074	[4899, 9851, 4674, 8057, 3567]
18075	[4710, 1952, 4581, 8768, 3120]
18076	[4572, 7520, 8540, 7452, 6229]
18085	[8126, 6988, 3127, 5610, 6878]
18087	[5824, 5192, 6305, 3635, 4023]
18089	[4150, 1148, 2325, 5903, 7887]
18091	[3663, 6155, 2738, 1015, 1385]
18093	[8840, 7416, 6205, 9753, 5473]
18098	[6930, 366, 9829, 944, 2844]
18100	[4674, 7232, 4184, 293, 6524]
18101	[8981, 8941, 6144, 1880, 1372]
18105	[7286, 8867, 5260, 8206, 2973]
18109	[7263, 6972, 5327, 7404, 1258]
18111	[6070, 3269, 1296, 2984, 2032]
18114	[7113, 1424, 7299, 5809, 5109]
18122	[31, 6318, 8585, 7990, 5680]
18129	[6511, 8205, 9117, 1070, 3900]
18137	[9171, 6598, 8539, 7082, 6074]
18139	[9952, 338, 5291, 8493, 6342]
18143	[6890, 4060, 1691, 9981, 31]
18158	[6988, 8126, 3284, 4425, 7032]
18164	[5208, 2215, 4036, 274, 9406]
18165	[4736, 5444, 7200, 8527, 346]
18169	[8188, 5612, 5925, 3374, 6521]
18170	[6096, 2851, 3333, 4237, 4770]
18180	[2442, 1826, 8072, 4391, 1810]
18182	[7082, 8539, 6598, 6331, 6074]
18185	[2982, 8223, 4645, 6727, 7406]
18186	[6322, 5240, 8608, 5375, 6461]
18190	[896, 9663, 3202, 7179, 3602]
18191	[8069, 6822, 1632, 3641, 9592]
18195	[7912, 3269, 7452, 4571, 7084]
18208	[1293, 1050, 3364, 4390, 9631]
18209	[4518, 2511, 509, 2238, 2117]
18222	[1929, 711, 4665, 3458, 7277]
18225	[2533, 401, 7509, 9029, 5416]
18239	[7388, 2845, 3457, 5058, 999]
18247	[2259, 6883, 2744, 3295, 9705]
18254	[2984, 3269, 7019, 9444, 8540]
18257	[1080, 3355, 268, 5560, 6253]
18258	[431, 6850, 8006, 3008, 8094]
18290	[3718, 7775, 8649, 6263, 4852]
18292	[2708, 5977, 177, 7454, 3495]
18299	[3749, 3936, 1887, 3229, 6751]
18306	[4456, 7834, 2322, 2382, 1276]
18319	[9014, 7912, 8221, 2984, 4571]
18322	[4289, 5336, 6947, 1510, 748]
18326	[7810, 8780, 3329, 2836, 8019]
18344	[6850, 431, 3797, 3905, 5856]
18348	[6024, 5871, 5988, 365, 1758]
18353	[662, 3701, 8281, 5856, 6850]
18358	[9415, 989, 7858, 867, 2321]
18361	[9564, 8357, 2547, 4095, 2626]
18363	[6850, 431, 3797, 3905, 3008]
18367	[8544, 6100, 4385, 5350, 2032]
18369	[210, 7741, 4872, 6945, 3515]
18382	[9476, 6641, 3920, 6414, 4435]
18385	[9618, 5208, 5441, 3192, 4077]
18391	[9947, 6932, 5277, 759, 1707]
18411	[8793, 6900, 8387, 4095, 519]
18416	[4264, 5397, 2298, 5244, 3688]
18417	[4264, 2298, 4424, 5244, 7458]
18426	[6693, 2431, 3777, 1013, 6556]
18430	[4113, 7996, 9328, 2860, 7045]
18447	[4674, 8103, 8057, 5647, 4899]
18453	[6331, 3134, 857, 6806, 809]
18458	[3992, 723, 1869, 5080, 4352]
18465	[429, 4345, 6461, 4398, 8427]
18468	[3713, 6765, 5348, 6309, 1645]
18471	[1161, 985, 8966, 7284, 4095]
18476	[430, 3364, 6823, 1050, 3224]
18478	[6760, 5951, 3784, 814, 4541]
18481	[9465, 1410, 1982, 2648, 3538]
18482	[3347, 7451, 7463, 9577, 598]
18485	[3653, 5305, 6206, 9642, 5288]
18486	[2145, 6370, 383, 5073, 7336]
18488	[9872, 8973, 1217, 8613, 5693]
18489	[9141, 2610, 5975, 8344, 9172]
18491	[879, 7117, 1359, 4798, 4104]
18494	[8069, 1399, 3641, 9592, 1412]
18497	[4866, 1289, 9292, 170, 3707]
18498	[7876, 4293, 4254, 820, 1847]
18501	[7882, 6808, 7693, 1861, 4002]
18506	[338, 5950, 1423, 7432, 2471]
18509	[7665, 6526, 663, 5151, 7280]
18511	[1293, 3364, 3474, 5382, 1050]
18516	[953, 9614, 4991, 9100, 1503]
18524	[8094, 1579, 3054, 9571, 662]
18527	[6006, 4411, 9633, 2095, 6975]
18551	[431, 9773, 6850, 8006, 8094]
18554	[7830, 197, 9138, 8736, 5630]
18565	[5534, 8625, 4497, 2513, 8270]
18566	[7122, 2547, 7893, 4063, 5039]
18577	[3749, 1887, 5430, 3800, 5531]
18590	[2627, 4382, 1169, 405, 2061]
18600	[2157, 5417, 1207, 2197, 3800]
18612	[6545, 5924, 746, 9273, 4972]
18619	[820, 5676, 2067, 7521, 8248]
18621	[1637, 4947, 590, 8690, 7921]
18623	[3268, 6756, 3490, 316, 9609]
18633	[3948, 55, 1602, 1050, 3364]
18635	[2281, 4458, 5247, 5558, 6588]
18638	[3515, 1372, 7601, 3163, 9443]
18641	[6604, 3110, 9545, 612, 9960]
18643	[9538, 9609, 4427, 876, 3912]
18644	[5139, 9231, 2093, 402, 5768]
18645	[5397, 5244, 3128, 2880, 6153]
18655	[9259, 2513, 8244, 1305, 4497]
18661	[4094, 2271, 9721, 4783, 8614]
18666	[5928, 3062, 4002, 6343, 936]
18671	[3364, 1050, 8126, 3284, 3224]
18674	[4891, 3284, 4158, 7853, 6080]
18675	[7225, 9447, 9168, 5478, 7099]
18676	[1495, 6266, 8015, 9653, 9898]
18678	[8541, 3364, 3568, 1050, 5541]
18679	[4004, 4333, 6275, 2628, 9538]
18681	[5170, 769, 6668, 2408, 7512]
18695	[609, 8728, 3228, 7891, 392]
18697	[5179, 1141, 88, 6411, 2615]
18699	[7706, 6322, 5498, 6461, 5865]
18701	[2042, 7084, 4439, 9134, 545]
18707	[7146, 3873, 7841, 2273, 7054]
18708	[8163, 8686, 1508, 6361, 3134]
18711	[2949, 7722, 3061, 3297, 1259]
18716	[8726, 4854, 7942, 1103, 985]
18729	[9361, 9088, 530, 2905, 8269]
18736	[5025, 296, 3342, 3371, 5274]
18737	[9898, 9096, 3601, 4872, 170]
18745	[7388, 2845, 5058, 7368, 8762]
18747	[9892, 4874, 6143, 5739, 7192]
18749	[5837, 2131, 9340, 2880, 7180]
18755	[7785, 7834, 2382, 1276, 4645]
18757	[3362, 8649, 1773, 313, 9184]
18763	[8925, 367, 7263, 5698, 3452]
18768	[1887, 5898, 9636, 5430, 9037]
18773	[7113, 5695, 325, 7299, 782]
18797	[4062, 8448, 5453, 105, 3587]
18801	[4598, 1221, 9711, 1855, 3661]
18812	[9347, 7367, 1614, 2166, 3827]
18815	[7272, 5502, 3573, 4848, 6248]
18835	[7342, 8901, 7369, 1716, 7709]
18838	[3355, 4070, 5280, 798, 6913]
18852	[1980, 8670, 9253, 7228, 1046]
18858	[6269, 6051, 2975, 6129, 7192]
18860	[1980, 7773, 9350, 6372, 9972]
18861	[5387, 6045, 2849, 9055, 4494]
18867	[1646, 3117, 260, 1896, 7109]
18871	[4478, 3182, 785, 6468, 6617]
